movie_id,片名,年份,语言,豆瓣链接
2334073,安娜与安娜,2007,汉语普通话 / 粤语,https://movie.douban.com/subject/2334073/
1296161,忠烈图,1975,汉语普通话,https://movie.douban.com/subject/1296161/
4253191,翼,2009,无对白,https://movie.douban.com/subject/4253191/
35152668,夜光,2019,汉语普通话,https://movie.douban.com/subject/35152668/
1961907,侠女十三妹,1986,汉语普通话,https://movie.douban.com/subject/1961907/
25918682,李元霸与宇文成都,2015,汉语普通话,https://movie.douban.com/subject/25918682/
26317308,我要上迷笛,2015,汉语普通话 / 粤语,https://movie.douban.com/subject/26317308/
1466026,铁扇公主,1966,汉语普通话,https://movie.douban.com/subject/1466026/
35205443,“向后看 向前走”五条人线上音乐会,2020,汉语普通话,https://movie.douban.com/subject/35205443/
4820070,城市之光,2010,普通话/国语,https://movie.douban.com/subject/4820070/
11625733,百万爱情宝贝,2013,汉语普通话,https://movie.douban.com/subject/11625733/
26677940,爸爸我来救你了,2016,汉语普通话,https://movie.douban.com/subject/26677940/
26811605,相声大电影之我要幸福,2017,汉语普通话,https://movie.douban.com/subject/26811605/
26307900,Power to the People,2015,无对白,https://movie.douban.com/subject/26307900/
1307127,暗夜,1986,汉语普通话,https://movie.douban.com/subject/1307127/
2375631,鲁班的传说,1958,汉语普通话,https://movie.douban.com/subject/2375631/
25795966,恋慕,2014,韩语,https://movie.douban.com/subject/25795966/
3087507,新笑林小子之我最棒,2003,普通话/国语,https://movie.douban.com/subject/3087507/
2081098,渺渺,2008,汉语普通话,https://movie.douban.com/subject/2081098/
4016468,飞机总动员,2008,无对白,https://movie.douban.com/subject/4016468/
25872278,青春如期2：青春梦想,2014,汉语普通话,https://movie.douban.com/subject/25872278/
1307705,歌手,1997,汉语普通话,https://movie.douban.com/subject/1307705/
1875315,短信一月追,2005,汉语普通话,https://movie.douban.com/subject/1875315/
2972499,烽火,2008,汉语普通话,https://movie.douban.com/subject/2972499/
26284595,大话西游3,2016,汉语普通话,https://movie.douban.com/subject/26284595/
1919098,黑太阳南京大屠杀,1995,汉语普通话,https://movie.douban.com/subject/1919098/
20380318,孤岛惊魂2,2013,汉语普通话 / 泰语,https://movie.douban.com/subject/20380318/
2354004,侠士行,1971,汉语普通话,https://movie.douban.com/subject/2354004/
1464595,神鞭,1986,汉语普通话,https://movie.douban.com/subject/1464595/
26816076,“大”人物,2019,汉语普通话,https://movie.douban.com/subject/26816076/
