movie_id,片名,年份,导演,制片国家/地区,语言,豆瓣评分,评价人数,score,hits,verdict,benchmark,来源URL
11599155,阿嬷的梦中情人,2013,萧力修 / 北村丰晴,中国台湾,汉语普通话 / 闽南语,7.2,6527,5,E2+E3+E4,auto_recover,0,https://movie.douban.com/subject/11599155/
2305317,卷席筒,1979,刘斌,中国大陆,汉语/方言/曲剧/河南话,8.5,355,3,E1,auto_recover,0,https://movie.douban.com/subject/2305317/
1299103,冬冬的假期,1984,侯孝贤,中国台湾,汉语普通话 / 客家话 / 上海话,8.6,19847,3,E1,auto_recover,0,https://movie.douban.com/subject/1299103/
1300572,童年往事,1985,侯孝贤,中国台湾,汉语普通话 / 闽南语 / 客家话,8.8,45846,3,E1,auto_recover,0,https://movie.douban.com/subject/1300572/
1292330,恋恋风尘,1986,侯孝贤,中国台湾,汉语普通话 / 粤语 / 闽南语,8.6,72348,3,E1,auto_recover,0,https://movie.douban.com/subject/1292330/
900189,牯岭街少年杀人事件,1991,杨德昌 Edward Yang,台湾,汉语普通话 / 闽南语 / 上海话 / 粤语,8.8,234542,3,E1,auto_recover,0,https://movie.douban.com/subject/1292329/
1297036,红玫瑰白玫瑰,1994,关锦鹏,中国香港 / 中国台湾,汉语普通话 / 粤语 / 上海话,7.7,27916,3,E1,auto_recover,0,https://movie.douban.com/subject/1297036/
900054,饮食男女,1994,李安 Ang Lee,台湾 / 美国,汉语普通话 / 闽南语 / 湖南话,9.1,521251,3,E1,auto_recover,0,https://movie.douban.com/subject/1291818/
1294735,好男好女,1995,侯孝贤,中国台湾 / 日本,汉语普通话 / 粤语 / 日语 / 闽南语,7.5,6289,3,E1,auto_recover,0,https://movie.douban.com/subject/1294735/
1308035,顺流逆流,2000,徐克,中国香港 / 中国大陆,汉语普通话 / 福建话 / 粤语 / 英语 / 葡萄牙语,7.5,14661,3,E1,auto_recover,0,https://movie.douban.com/subject/1308035/
1421619,我们害怕,2002,程裕苏,中国大陆,汉语普通话 / 上海方言 / 粤语,6.3,1129,3,E1,auto_recover,0,https://movie.douban.com/subject/1421619/
1483000,我的美丽乡愁,2002,俞钟,中国大陆,汉语普通话 / 粤语 / 蒙古语 / 湖南话,5.8,1866,3,E1,auto_recover,0,https://movie.douban.com/subject/1483000/
1477536,婼玛的十七岁,2003,章家瑞,中国大陆,汉语普通话 / 哈尼语 / 英语 / 云南方言 / 日语,7.0,594,3,E1,auto_recover,0,https://movie.douban.com/subject/1477536/
2300091,孤恋花,2005,曹瑞原,中国台湾,汉语普通话 / 闽南话 / 上海话,7.5,2989,3,E1,auto_recover,0,https://movie.douban.com/subject/2300091/
1766086,太阳照常升起,2007,姜文,中国大陆,汉语普通话 / 温州话 / 俄语 / 维吾尔语,8.3,236085,3,E1,auto_recover,0,https://movie.douban.com/subject/1766086/
1794435,姨妈的后现代生活,2007,许鞍华,中国大陆 / 中国香港,汉语普通话 / 上海话 / 武汉话 / 东北话,7.4,55413,3,E1,gray_zone,1,https://movie.douban.com/subject/1794435/
1828115,色，戒,2007,李安,中国台湾 / 中国大陆 / 美国 / 中国香港,汉语普通话 / 上海话 / 英语 / 粤语 / 日语 / 印地语,8.5,628211,3,E1,auto_recover,0,https://movie.douban.com/subject/1828115/
2995945,蝴蝶,2008,张作骥,中国台湾,汉语普通话 / 闽南语 / 日语,6.8,1262,3,E2+E4,auto_recover,0,https://movie.douban.com/subject/2995945/
3805953,不能没有你,2009,戴立忍,中国台湾,汉语普通话 / 闽南语 / 客家话,8.3,31286,3,E1,auto_recover,0,https://movie.douban.com/subject/3805953/
3053521,二十四城记,2009,贾樟柯,中国大陆 / 中国香港 / 日本,汉语普通话 / 四川话 / 上海话 / 东北话,7.4,37433,3,E1,auto_recover,0,https://movie.douban.com/subject/3053521/
2209368,新宿事件,2009,尔冬升,中国香港,汉语普通话 / 日语 / 粤语 / 英语 / 闽南语,7.5,121245,3,E1,auto_recover,0,https://movie.douban.com/subject/2209368/
3158990,海角七号,2009,魏德圣,中国台湾,汉语普通话 / 闽南语 / 日语 / 英语,7.6,237540,3,E2+E3,auto_recover,0,https://movie.douban.com/subject/3158990/
2124703,疯狂的赛车,2009,宁浩,中国大陆,汉语普通话 / 青岛话 / 闽南语 / 陕西话 / 武汉话 / 四川话,8.2,316848,3,E1,gray_zone,1,https://movie.douban.com/subject/2124703/
4066206,全城热恋,2010,夏永康 / 陈国辉,中国香港 / 美国 / 中国大陆,汉语普通话 / 粤语 / 上海话 / 英语,6.2,243512,3,E1,auto_recover,0,https://movie.douban.com/subject/4066206/
3768185,海上传奇,2010,贾樟柯,中国大陆,汉语普通话 / 上海话 / 闽南语 / 粤语 / 英语,7.4,21518,3,E1,auto_recover,0,https://movie.douban.com/subject/3768185/
4022126,玩酷青春,2010,孔令晨,中国大陆,汉语普通话 / 日语 / 北京话 / 东北话,6.4,2718,3,E1,auto_recover,0,https://movie.douban.com/subject/4022126/
4290915,纺织姑娘,2010,王全安,中国大陆,汉语普通话 / 陕西话 / 北京话,7.3,3652,3,E1,auto_recover,0,https://movie.douban.com/subject/4290915/
900072,让子弹飞,2010,姜文 Wen Jiang,中国大陆 / 香港,汉语普通话 / 四川话 / 山西话,8.7,1438181,3,E1,gray_zone,1,https://movie.douban.com/subject/3742360/
6432144,余光之下,2011,邓伯超,中国大陆,汉语普通话 / 客家话,7.1,153,3,E2+E3,auto_recover,0,https://movie.douban.com/subject/6432144/
5993189,回声,2011,赵正平,中国台湾,汉语普通话 / 日语 / 閩南語 / 客家話,7.1,177,3,E1,auto_recover,0,https://movie.douban.com/subject/5993189/
4942776,武侠,2011,陈可辛,中国香港 / 中国大陆,汉语普通话 / 粤语 / 四川话,6.7,149364,3,E1,auto_recover,0,https://movie.douban.com/subject/4942776/
6519580,老家新家,2011,方刚亮,中国大陆,汉语普通话 / 四川话 / 山东话,7.4,466,3,E1,auto_recover,0,https://movie.douban.com/subject/6519580/
11510453,不老骑士：欧兜迈环台日记,2012,华天灏,中国台湾,汉语普通话 / 闽南语,8.9,6038,3,E2+E3,auto_recover,0,https://movie.douban.com/subject/11510453/
20433191,南京爱情故事：我们的那些年,2012,金锋,中国大陆,汉语普通话 / 南京话 Nankinese,7.4,364,3,E2+E3,auto_recover,0,https://movie.douban.com/subject/20433191/
5942150,喜酒,2012,伊卫军,中国大陆,汉语普通话 / 四川话 / 东北话 / 河南话,3.1,333,3,E1,auto_recover,0,https://movie.douban.com/subject/5942150/
6901135,宝马狂想曲,2012,李麒麟,中国大陆,汉语普通话 / 粤语 / 重庆话,3.7,1476,3,E1,auto_recover,0,https://movie.douban.com/subject/6901135/
24722816,候鸟,2013,陈橙,中国大陆,汉语普通话 / 湘潭话 / 武汉话,6.8,109,3,E1,auto_recover,0,https://movie.douban.com/subject/24722816/
3804891,无人区,2013,宁浩,中国大陆,汉语普通话 / 陕西方言 / 甘肃方言,8.3,468826,3,E1,auto_recover,0,https://movie.douban.com/subject/3804891/
25733522,自行车与旧电钢,2013,邵攀,中国大陆,汉语普通话 / 徐州方言,8.5,3449,3,E2+E3,auto_recover,0,https://movie.douban.com/subject/25733522/
11599147,逗阵儿,2013,卢金城,中国台湾,汉语普通话 / 闽南语 / 客家话 / 原住民语,8.2,4351,3,E1,auto_recover,0,https://movie.douban.com/subject/11599147/
6126442,一步之遥,2014,姜文,中国大陆 / 美国 / 中国香港,汉语普通话 / 英语 / 上海话 / 法语 / 日语 / 满语 / 越南语 / 拉丁语,6.6,283593,3,E1,auto_recover,0,https://movie.douban.com/subject/6126442/
25713408,一生一世,2014,邹佡,中国大陆 / 中国香港,汉语普通话 / 英语 / 粤语 / 上海话,5.3,101454,3,E1,auto_recover,0,https://movie.douban.com/subject/25713408/
25798222,亲爱的,2014,陈可辛,中国大陆 / 中国香港,汉语普通话 / 安徽方言 / 粤语 / 陕西方言,8.4,463240,3,E1,gray_zone,1,https://movie.douban.com/subject/25798222/
3078390,太平轮(上),2014,吴宇森,中国大陆 / 中国香港,汉语普通话 / 日语 / 闽南语 / 上海话,6.0,92132,3,E1,auto_recover,0,https://movie.douban.com/subject/3078390/
25717233,心花路放,2014,宁浩,中国大陆,汉语普通话 / 粤语 / 云南方言,7.2,480573,3,E1,gray_zone,1,https://movie.douban.com/subject/25717233/
25861611,禁止吸烟,2014,吴刚 / 董新文,中国大陆,汉语普通话 / 新疆方言 / 陕西方言,6.4,501,3,E1,auto_recover,0,https://movie.douban.com/subject/25861611/
10545939,黄金时代,2014,许鞍华,中国大陆 / 中国香港,汉语普通话 / 粤语 / 上海话 / 武汉话 / 四川话 / 俄语 / 日语,7.3,166138,3,E1,auto_recover,0,https://movie.douban.com/subject/10545939/
25926267,一个勺子,2015,陈建斌,中国大陆,汉语普通话 / 西北方言 / 重庆话,7.7,152800,3,E1,auto_recover,0,https://movie.douban.com/subject/25926267/
25811357,冲锋车,2015,刘浩良,中国香港 / 中国大陆,汉语普通话 / 粤语 / 马来语 / 英语 / 闽南语,6.6,37642,3,E1,auto_recover,0,https://movie.douban.com/subject/25811357/
26280561,大喜临门,2015,黄朝亮,中国台湾 / 中国大陆,汉语普通话 / 闽南语,5.4,3463,3,E2+E4,auto_recover,0,https://movie.douban.com/subject/26280561/
25956520,太平轮(下)·彼岸,2015,吴宇森,中国大陆 / 中国香港,汉语普通话 / 日语 / 闽南语 / 上海话,6.6,62165,3,E1,auto_recover,0,https://movie.douban.com/subject/25956520/
25746375,我是路人甲,2015,尔冬升,中国大陆 / 中国香港,汉语普通话 / 粤语 / 浙江方言,7.1,138174,3,E1,auto_recover,0,https://movie.douban.com/subject/25746375/
26607132,梦开始的地方,2015,苏磊,中国大陆,汉语普通话 / 维吾尔语 / 哈萨克语,5.8,126,3,E1,auto_recover,0,https://movie.douban.com/subject/26607132/
25837175,谜城,2015,林岭东,中国大陆 / 中国香港,汉语普通话 / 粤语 / 闽南语,5.6,40759,3,E1,auto_recover,0,https://movie.douban.com/subject/25837175/
26425088,一切都好,2016,张猛,中国大陆,汉语普通话 / 天津话 / 英语 / 上海话 / 四川话,6.5,17373,3,E1,auto_recover,0,https://movie.douban.com/subject/26425088/
26769480,一路顺风,2016,钟孟宏,中国台湾,汉语普通话 / 闽南语 / 粤语 / 泰语,7.6,18213,3,E1,auto_recover,0,https://movie.douban.com/subject/26769480/
24751763,罗曼蒂克消亡史,2016,程耳,中国大陆 / 中国香港,汉语普通话 / 上海话 / 日语 / 英语,7.7,350867,3,E2+E3,auto_recover,0,https://movie.douban.com/subject/24751763/
26984183,一个人的字幕,2017,熊仔侠,中国大陆,汉语普通话 / 粤语 / 顺德话,7.0,362,3,E1,auto_recover,0,https://movie.douban.com/subject/26984183/
26657126,不成问题的问题,2017,梅峰,中国大陆 / 法国,汉语普通话 / 北京话 / 重庆话 / 上海话,8.1,92254,3,E1,auto_recover,0,https://movie.douban.com/subject/26657126/
27073807,白鸟,2017,郭子豪,中国大陆,汉语普通话 / 哈萨克语,7.5,225,3,E2+E3,auto_recover,0,https://movie.douban.com/subject/27073807/
27063423,考试,2017,宋金穗,中国大陆,汉语普通话 / 粤语,7.2,492,3,E2+E3,auto_recover,0,https://movie.douban.com/subject/27063423/
27113517,血观音,2017,杨雅喆,中国台湾,汉语普通话 / 粤语 / 闽南语 / 日语,8.5,329884,3,E1,auto_recover,0,https://movie.douban.com/subject/27113517/
30272786,一条叫招财的鱼,2018,刘迪洋,中国大陆,汉语普通话 / 重庆方言 / 陕西方言,5.7,953,3,E1,auto_recover,0,https://movie.douban.com/subject/30272786/
30265411,十年台湾,2018,廖克发 / 谢沛如 / 吕柏勋 / 邹隆娜 / 勒嘎·舒米,中国台湾,汉语普通话 / 英语 / 闽南语 / 台湾原住民语言,4.9,401,3,E1,auto_recover,0,https://movie.douban.com/subject/30265411/
26972258,江湖儿女,2018,贾樟柯,中国大陆 / 法国 / 日本,汉语普通话 / 山西方言 / 湖北方言 / 重庆方言,7.6,262911,3,E1,gray_zone,1,https://movie.douban.com/subject/26972258/
27077266,米花之味,2018,鹏飞,中国大陆,汉语普通话 / 云南话 / 傣语,7.4,22908,3,E1,auto_recover,0,https://movie.douban.com/subject/27077266/
30295905,中国机长,2019,刘伟强,中国大陆,汉语普通话 / 藏语 / 英语 / 四川话,6.6,666974,3,E1,auto_recover,0,https://movie.douban.com/subject/30295905/
33451881,带妈妈出去玩,2019,隋淑芬,中国台湾,汉语普通话 / 闽南语 / 山东话,7.6,701,3,E1,auto_recover,0,https://movie.douban.com/subject/33451881/
34937949,拼车,2020,伊克拉木,中国大陆,汉语普通话 / 维吾尔语,6.7,269,3,E2+E3,auto_recover,0,https://movie.douban.com/subject/34937949/
2271640,天下第二,2007,白秋林,中国大陆,汉语普通话 / 日语 / 英语 / 陕西方言 / 四川方言,6.0,10282,2,E1+N2,gray_zone,0,https://movie.douban.com/subject/2271640/
4707225,不是闹着玩的,2010,卢卫国,中国大陆,普通话/国语 / 河南方言,7.3,5039,2,E3,gray_zone,0,https://movie.douban.com/subject/4707225/
3649049,金陵十三钗,2011,张艺谋,中国大陆 / 中国香港,汉语普通话 / 英语 / 日语 / 南京话 / 上海话,8.2,605483,2,E1+N2,gray_zone,0,https://movie.douban.com/subject/3649049/
26282530,再见，在也不见,2016,忻钰坤 / 陈世杰 / 西瓦罗·孔萨库,中国大陆 / 新加坡 / 泰国 / 中国台湾,汉语普通话 / 英语 / 泰语 / 粤语 / 闽南话,5.9,19633,2,E1+N2,gray_zone,0,https://movie.douban.com/subject/26282530/
1868567,南北一家亲,1962,王天林,中国香港,汉语普通话 / 粵語,7.7,419,1,E2,gray_zone,0,https://movie.douban.com/subject/1868567/
1424631,大李小李和老李,1962,谢晋,中国大陆,汉语普通话 / 沪语,8.1,6348,1,E2,gray_zone,0,https://movie.douban.com/subject/1424631/
1306870,猛龙过江,1972,李小龙,中国香港,汉语普通话 / 粤语 / 英语 / 意大利语,8.4,39134,1,E2,gray_zone,0,https://movie.douban.com/subject/1306870/
2353977,鬼马神偷,1982,魯俊谷,中国香港,汉语普通话 / 粤语 / 英语,5.8,115,1,E2,gray_zone,0,https://movie.douban.com/subject/2353977/
1298871,海滩的一天,1983,杨德昌,中国台湾,汉语普通话 / 闽南话 / 日语 / 德语,8.4,18810,1,E2,gray_zone,0,https://movie.douban.com/subject/1298871/
1299436,风柜来的人,1983,侯孝贤,中国台湾,汉语普通话 / 闽南语,8.4,37006,1,E2,gray_zone,0,https://movie.douban.com/subject/1299436/
1903720,五女拜寿,1984,陆建华 / 于中效,中国大陆,汉语普通话 / 吴越方言,9.0,2347,1,E2,gray_zone,0,https://movie.douban.com/subject/1903720/
1868857,大桥下面,1984,白沉,中国大陆,汉语普通话 / 上海话,7.9,3413,1,E2,gray_zone,0,https://movie.douban.com/subject/1868857/
1401754,老莫的第二个春天,1984,李佑宁,中国台湾,汉语普通话 / 闽南语,7.9,555,1,E2,gray_zone,0,https://movie.douban.com/subject/1401754/
1291876,黄土地,1984,陈凯歌,中国大陆,汉语普通话 / 陕西方言,7.9,29131,1,E2,gray_zone,0,https://movie.douban.com/subject/1291876/
26324974,钱，这东西......,1985,金淑琪,中国大陆,汉语普通话 / 维吾尔语,7.8,116,1,E2,gray_zone,0,https://movie.douban.com/subject/26324974/
1305261,恐怖分子,1986,杨德昌,中国台湾,汉语普通话 / 闽南语,8.9,42853,1,E2,gray_zone,0,https://movie.douban.com/subject/1305261/
1305085,盗马贼,1986,田壮壮,中国大陆,汉语普通话 / 藏语,7.3,5317,1,E2,gray_zone,0,https://movie.douban.com/subject/1305085/
1308553,桂花巷,1987,陈坤厚,中国台湾 / 中国香港,汉语普通话 / 台语,7.6,1306,1,E2,gray_zone,0,https://movie.douban.com/subject/1308553/
3224840,芳草碧连天,1987,蔡扬名,中国台湾,汉语普通话 / 闽南语,7.6,432,1,E2,gray_zone,0,https://movie.douban.com/subject/3224840/
3074682,大头仔,1988,蔡扬名,中国台湾,汉语普通话 / 闽南语,7.4,604,1,E2,gray_zone,0,https://movie.douban.com/subject/3074682/
3737125,报告典狱长,1988,朱延平,中国台湾,汉语普通话 / 闽南话,6.4,128,1,E2,gray_zone,0,https://movie.douban.com/subject/3737125/
3094278,驱魔童,1988,赵中兴,中国台湾,汉语普通话 / 粤语,7.1,1011,1,E2,gray_zone,0,https://movie.douban.com/subject/3094278/
1308228,鲁冰花,1989,杨立国,中国台湾,汉语普通话 / 闽南语,8.8,14545,1,E2,gray_zone,0,https://movie.douban.com/subject/1308228/
1306075,娃娃,1991,柯一正,中国台湾,汉语普通话 / 闽南语,8.7,739,1,E2,gray_zone,0,https://movie.douban.com/subject/1306075/
1302537,火烧岛,1991,朱延平,中国台湾,汉语普通话 / 粤语 / 英语 / 塔加路语,6.7,13525,1,E2,gray_zone,0,https://movie.douban.com/subject/1302537/
1307561,青少年哪吒,1992,蔡明亮,中国台湾,汉语普通话 / 台语,8.0,21128,1,E2,gray_zone,0,https://movie.douban.com/subject/1307561/
1304291,三个夏天,1993,刘国昌,中国香港 / 中国台湾,汉语普通话 / 闽南语,7.5,2939,1,E2,gray_zone,0,https://movie.douban.com/subject/1304291/
26732252,师生畸恋,1993,张绫育,中国台湾,汉语普通话 / 粤语,5.7,107,1,E2,gray_zone,0,https://movie.douban.com/subject/26732252/
1304476,独立时代,1994,杨德昌,中国台湾,汉语普通话 / 闽南话,8.8,31821,1,E2,gray_zone,0,https://movie.douban.com/subject/1304476/
1308729,我的美丽与哀愁,1995,陈国富,中国台湾,汉语普通话 / 台语,6.8,1662,1,E2,gray_zone,0,https://movie.douban.com/subject/1308729/
1302181,热带鱼,1995,陈玉勋,中国台湾,汉语普通话 / 闽南语,8.6,10927,1,E2,gray_zone,0,https://movie.douban.com/subject/1302181/
1303458,南国再见，南国,1996,侯孝贤,中国台湾,汉语普通话 / 闽南语,8.1,14705,1,E2,gray_zone,0,https://movie.douban.com/subject/1303458/
1464171,孔繁森,1996,陈国星 / 王坪,中国大陆,汉语普通话 / 藏语,6.5,2168,1,E2,gray_zone,0,https://movie.douban.com/subject/1464171/
1305146,一只鸟仔哮啾啾,1997,张志勇,中国台湾,汉语普通话 / 闽南语,8.7,1192,1,E2,gray_zone,0,https://movie.douban.com/subject/1305146/
1298203,国道封闭,1997,何平,中国台湾,汉语普通话 / Min Nan,7.8,170,1,E2,gray_zone,0,https://movie.douban.com/subject/1298203/
1316559,美丽在唱歌,1997,林正盛,中国台湾,汉语普通话 / 闽南语,6.7,2547,1,E2,gray_zone,0,https://movie.douban.com/subject/1316559/
1307707,一生一台戏,1998,方育平,中国大陆 / 中国香港,汉语普通话 / 闽南语,7.4,217,1,E2,gray_zone,0,https://movie.douban.com/subject/1307707/
1299227,魔法阿妈,1998,王小棣,中国台湾,汉语普通话 / 闽南语,8.9,6739,1,E2,gray_zone,0,https://movie.douban.com/subject/1299227/
1300678,没事偷着乐,1999,杨亚洲,中国大陆,汉语普通话 / 天津方言,7.8,34611,1,E2,gray_zone,0,https://movie.douban.com/subject/1300678/
1302384,赵先生,1999,吕乐,中国香港 / 中国大陆,汉语普通话 / 上海话,7.7,8525,1,E2,gray_zone,0,https://movie.douban.com/subject/1302384/
1301098,黑暗之光,1999,张作骥,中国台湾,汉语普通话 / 闽南语,8.0,2986,1,E2,gray_zone,0,https://movie.douban.com/subject/1301098/
1858095,一代天骄成吉思汗,2000,塞夫 / 麦丽丝,中国大陆,汉语普通话 / 蒙古语,6.6,522,1,E2,gray_zone,0,https://movie.douban.com/subject/1858095/
1298362,益西卓玛,2000,谢飞,中国大陆,汉语普通话 / 藏语,7.5,645,1,E2,gray_zone,0,https://movie.douban.com/subject/1298362/
1291850,站台,2000,贾樟柯,中国大陆 / 中国香港 / 日本 / 法国,汉语普通话 / 晋语,8.4,57825,1,E2,gray_zone,1,https://movie.douban.com/subject/1291850/
5382857,晓光,2001,钮承泽,中国台湾,汉语普通话 / 闽南语,7.4,298,1,E2,gray_zone,0,https://movie.douban.com/subject/5382857/
3189968,生命列车,2001,马晓勇,中国大陆,汉语普通话 / 河南话,6.0,135,1,E2,gray_zone,0,https://movie.douban.com/subject/3189968/
1305046,双瞳,2002,陈国富,中国香港 / 中国台湾,汉语普通话 / 台语 / 英语,7.7,105006,1,E2,gray_zone,0,https://movie.douban.com/subject/1305046/
2252377,咸豆浆,2002,王明台,中国台湾,汉语普通话 / 闽南语,6.6,396,1,E2,gray_zone,0,https://movie.douban.com/subject/2252377/
1915311,缘起,2002,甘露,中国大陆,汉语普通话 / 粤语,7.2,623,1,E2,gray_zone,0,https://movie.douban.com/subject/1915311/
1308587,向左走·向右走,2003,杜琪峰 / 韦家辉,中国香港 / 新加坡,汉语普通话 / 粤语 / 波兰语,6.9,110197,1,E2,gray_zone,0,https://movie.douban.com/subject/1308587/
2029107,心跳墨脱,2003,哈斯朝鲁,中国大陆,汉语普通话 / 藏语,7.2,193,1,E2,gray_zone,0,https://movie.douban.com/subject/2029107/
1457410,黑狗来了,2003,尹祺,中国台湾,汉语普通话 / 台语,7.4,714,1,E2,gray_zone,0,https://movie.douban.com/subject/1457410/
1915881,一百年的歌声,2004,陈骞 / 乔艳琳 / 班映旭 / 金光宇 / 周亚玉 / 门欣熙,中国大陆,汉语普通话 / 上海话,9.0,115,1,E2,gray_zone,0,https://movie.douban.com/subject/1915881/
900180,可可西里,2004,陆川 Chuan Lu,中国大陆 / 香港,汉语普通话 / 藏语,8.7,259686,1,E2,gray_zone,0,https://movie.douban.com/subject/1308857/
1999745,少林僵尸,2004,孔祥德,中国香港,汉语普通话 / 粤语 / 粤语,5.0,803,1,E2,gray_zone,0,https://movie.douban.com/subject/1999745/
1309087,世界,2005,贾樟柯,中国大陆 / 日本 / 法国,汉语普通话 / 晋语 / 俄语 / 英语,7.4,23440,1,E2,gray_zone,0,https://movie.douban.com/subject/1309087/
1418070,如果·爱,2005,陈可辛 / 赵良骏,中国大陆 / 中国香港 / 马来西亚,汉语普通话 / 粤语 / 英语,7.7,218742,1,E2,gray_zone,0,https://movie.douban.com/subject/1418070/
1309004,孔雀,2005,顾长卫,中国大陆,汉语普通话 / 晋语,8.1,117746,1,E2,gray_zone,0,https://movie.douban.com/subject/1309004/
1484900,季风中的马,2005,宁才,中国大陆,汉语普通话 / Mongolian,8.1,317,1,E2,gray_zone,0,https://movie.douban.com/subject/1484900/
1421809,最好的时光,2005,侯孝贤,中国台湾,汉语普通话 / 闽南语,7.6,90466,1,E2,gray_zone,0,https://movie.douban.com/subject/1421809/
1963953,月光下，我记得,2005,林正盛,中国台湾,汉语普通话 / 闽南语 / 日语,7.5,494,1,E2,gray_zone,0,https://movie.douban.com/subject/1963953/
1763100,深海,2005,郑文堂,中国台湾,汉语普通话 / 闽南语,7.0,1408,1,E2,gray_zone,0,https://movie.douban.com/subject/1763100/
3113757,爆肚张和老吉家,2005,施润玖,中国大陆,汉语普通话 / 北京话,7.6,400,1,E2,gray_zone,0,https://movie.douban.com/subject/3113757/
1424582,红颜,2005,李玉,中国大陆 / 法国,汉语普通话 / 四川话,7.9,11576,1,E2,gray_zone,0,https://movie.douban.com/subject/1424582/
1322851,青红,2005,王小帅,中国大陆,汉语普通话 / 上海话,7.1,48539,1,E2,gray_zone,0,https://movie.douban.com/subject/1322851/
3993255,香平丽,2005,蒋志,中国大陆,汉语普通话 / 粤语,6.9,133,1,E2,gray_zone,0,https://movie.douban.com/subject/3993255/
1761854,高三,2005,周浩,中国大陆,汉语普通话 / 福建方言,8.4,39418,1,E2,gray_zone,0,https://movie.douban.com/subject/1761854/
1459399,鲁迅,2005,丁荫楠,中国大陆,普通话 / 上海话 / 日语 / 英语,7.3,1689,1,E2,gray_zone,0,https://movie.douban.com/subject/1459399/
1790412,乡愁,2006,舒浩仑,中国,汉语普通话 / 上海话,7.4,432,1,E2,gray_zone,0,https://movie.douban.com/subject/1790412/
1926445,喜马拉雅王子,2006,胡雪桦,中国大陆,汉语普通话 / 藏语,5.5,590,1,E2,gray_zone,0,https://movie.douban.com/subject/1926445/
1947270,天狗,2006,戚健,中国大陆,汉语普通话 / 晋语,8.7,29247,1,E2,gray_zone,0,https://movie.douban.com/subject/1947270/
4860078,无间道(正序版),2006,刘伟强 / 麦兆辉,中国香港,汉语普通话 / 粤语 / 英语 / 泰语,9.1,49904,1,E2,gray_zone,0,https://movie.douban.com/subject/4860078/
900225,疯狂的石头,2006,宁浩 Hao Ning,中国大陆 / 香港,汉语普通话 / 重庆话,8.3,702896,1,E2,gray_zone,1,https://movie.douban.com/subject/1862151/
1986783,芒种,2006,张律,中国大陆 / 韩国,汉语普通话 / 朝鲜语,7.2,577,1,E2,gray_zone,0,https://movie.douban.com/subject/1986783/
1302795,茉莉花开,2006,侯咏,中国大陆,汉语普通话 / 上海话,7.3,53101,1,E2,gray_zone,0,https://movie.douban.com/subject/1302795/
1485319,赖小子,2006,韩杰,中国,汉语普通话 / 晋语,7.4,2597,1,E2,gray_zone,0,https://movie.douban.com/subject/1485319/
1888671,鸡犬不宁,2006,陈大明,中国大陆,汉语普通话 / 河南话,6.7,9152,1,E2,gray_zone,1,https://movie.douban.com/subject/1888671/
2038365,十三棵泡桐,2007,吕乐,中国大陆,汉语普通话 / 四川话,7.1,21049,1,E2,gray_zone,0,https://movie.douban.com/subject/2038365/
3773977,卡到了！,2007,林宏杰,中国台湾,汉语普通话 / 闽南语,6.2,137,1,E2,gray_zone,0,https://movie.douban.com/subject/3773977/
2153250,夜·明,2007,赵崇基,中国大陆/马来西亚,汉语普通话 / 粤语 / 日语 / 英语,7.2,293,1,E2,gray_zone,0,https://movie.douban.com/subject/2153250/
2148295,奇迹世界,2007,宁浩,中国大陆,汉语普通话 / 天津话,7.7,9355,1,E2,gray_zone,0,https://movie.douban.com/subject/2148295/
3113423,我最后的秘密,2007,黎小锋 / 贾恺,中国大陆,汉语普通话 / 吴语,7.7,963,1,E2,gray_zone,0,https://movie.douban.com/subject/3113423/
2230890,无用,2007,贾樟柯,中国大陆 / 中国香港,汉语普通话 / 粤语 / 英语 / 法语,7.2,6197,1,E2,gray_zone,0,https://movie.douban.com/subject/2230890/
3999733,白领日志,2007,卞正乾,中国大陆,汉语普通话 / 上海话,8.4,113,1,E2,gray_zone,0,https://movie.douban.com/subject/3999733/
2055017,练习曲,2007,陈怀恩,中国台湾,汉语普通话 / 闽南语 / 立陶宛语,8.0,52417,1,E2,gray_zone,0,https://movie.douban.com/subject/2055017/
2338323,请将我遗忘,2007,谢鸣晓,中国大陆,汉语普通话 / 四川话,6.0,1231,1,E2,gray_zone,0,https://movie.douban.com/subject/2338323/
3024212,阿妹的诺言,2007,丁黑,中国大陆,汉语普通话 / 陕西话,7.2,124,1,E2,gray_zone,0,https://movie.douban.com/subject/3024212/
3032884,风雪狼道,2007,高峰,中国大陆,汉语普通话 / 西北方言,6.6,457,1,E2,gray_zone,0,https://movie.douban.com/subject/3032884/
3017916,马大夫的诊所,2007,丛峰,中国大陆,汉语普通话 / 甘肃方言,7.7,390,1,E2,gray_zone,0,https://movie.douban.com/subject/3017916/
3056430,马戏学校,2007,郭静 / 柯丁丁,中国大陆,汉语普通话 / 上海话,8.2,702,1,E2,gray_zone,0,https://movie.douban.com/subject/3056430/
3003092,冈拉梅朵,2008,戴玮,中国大陆,汉语普通话 / 藏语,6.3,1544,1,E2,gray_zone,0,https://movie.douban.com/subject/3003092/
2256043,千钧。一发,2008,高群书,中国大陆,汉语普通话 / 东北话,8.0,2399,1,E2,gray_zone,0,https://movie.douban.com/subject/2256043/
3075903,好猫,2008,应亮,中国大陆,汉语普通话 / 自贡方言,7.5,276,1,E2,gray_zone,0,https://movie.douban.com/subject/3075903/
1891179,梅兰芳,2008,陈凯歌,中国大陆,汉语普通话 / 北京话 / 日语,6.9,112372,1,E2,gray_zone,0,https://movie.douban.com/subject/1891179/
3212098,河上的爱情,2008,贾樟柯,中国大陆 / 西班牙 / 法国,汉语普通话 / 粤语,6.5,5347,1,E2,gray_zone,0,https://movie.douban.com/subject/3212098/
2375763,漂浪青春,2008,周美玲,中国台湾,汉语普通话 / 台语,7.5,12865,1,E2,gray_zone,0,https://movie.douban.com/subject/2375763/
26729320,笑侃三十年,2008,周立波,中国大陆,汉语普通话 / 中国上海话,8.6,235,1,E2,gray_zone,0,https://movie.douban.com/subject/26729320/
3266406,筑梦2008,2008,顾筠,中国,普通话 / 上海话 / 英语 / 法语,7.5,3697,1,E2,gray_zone,0,https://movie.douban.com/subject/3266406/
3403153,豫菜皇后,2008,韩万峰,中国大陆,汉语普通话 / 河南话,5.0,299,1,E2,gray_zone,0,https://movie.douban.com/subject/3403153/
3098844,长假,2008,郑芬芬,中国台湾,汉语普通话 / 闽南话,8.7,293,1,E2,gray_zone,0,https://movie.douban.com/subject/3098844/
3626416,十月围城,2009,陈德森,中国香港 / 中国大陆,汉语普通话 / 粤语 / 英语,7.7,295511,1,E2,gray_zone,0,https://movie.douban.com/subject/3626416/
3558647,可爱的中国,2009,胡雪杨,中国大陆,汉语普通话 / 方言,6.1,218,1,E2,gray_zone,0,https://movie.douban.com/subject/3558647/
3732860,多大事啊,2009,韩秋池,中国大陆,汉语普通话 / 南京话,6.1,1642,1,E2,gray_zone,0,https://movie.douban.com/subject/3732860/
4154643,天生绝配,2009,袁再显,中国台湾,汉语普通话 / 粤语,4.3,338,1,E2,gray_zone,0,https://movie.douban.com/subject/4154643/
3629232,带我去远方,2009,傅天余,中国台湾,汉语普通话 / 闽南语,7.5,25264,1,E2,gray_zone,0,https://movie.douban.com/subject/3629232/
3690289,春风沉醉的夜晚,2009,娄烨,中国大陆 / 法国,汉语普通话 / 粤语,8.1,109121,1,E2,gray_zone,0,https://movie.douban.com/subject/3690289/
4896301,母大虫顾大嫂,2009,刘信义,中国大陆,汉语普通话 / 山东方言,5.6,280,1,E2,gray_zone,0,https://movie.douban.com/subject/4896301/
3892449,熊猫大侠,2009,王岳伦,中国大陆,汉语普通话 / 四川方言,4.4,27387,1,E2,gray_zone,0,https://movie.douban.com/subject/3892449/
3091050,爱情狗,2009,章明,中国大陆,汉语普通话 / 重庆话,7.3,382,1,E2,gray_zone,0,https://movie.douban.com/subject/3091050/
3607666,高兴,2009,刘晓光,中国大陆,汉语普通话 / 陕西话,6.5,41780,1,E2,gray_zone,0,https://movie.douban.com/subject/3607666/
3217122,一页台北,2010,陈骏霖,中国台湾 / 美国,汉语普通话 / 闽南语,6.6,77932,1,E2,gray_zone,0,https://movie.douban.com/subject/3217122/
4237879,人在囧途,2010,叶伟民,中国大陆,汉语普通话 / 武汉话,7.8,548718,1,E2,gray_zone,0,https://movie.douban.com/subject/4237879/
3596502,唐山大地震,2010,冯小刚,中国大陆 / 中国香港,汉语普通话 / 唐山话,7.8,404384,1,E2,gray_zone,0,https://movie.douban.com/subject/3596502/
4082101,喜羊羊与灰太狼之虎虎生威,2010,赵崇邦,中国大陆,汉语普通话 / 粤语,7.2,31988,1,E2,gray_zone,0,https://movie.douban.com/subject/4082101/
4304212,当爱来的时候,2010,张作骥,中国台湾,汉语普通话 / 闽南语,7.4,9182,1,E2,gray_zone,0,https://movie.douban.com/subject/4304212/
3732800,我们天上见,2010,蒋雯丽,中国大陆,汉语普通话 / 蚌埠话,8.7,64045,1,E2,gray_zone,0,https://movie.douban.com/subject/3732800/
4707237,我的野蛮女友2,2010,马伟豪,中国大陆,汉语普通话 / 粤语,3.8,8003,1,E2,gray_zone,0,https://movie.douban.com/subject/4707237/
4914628,斗鸡人,2010,金瑞,中国大陆,汉语普通话 / 河南方言,7.3,372,1,E2,gray_zone,0,https://movie.douban.com/subject/4914628/
4718232,无蝉的夏天,2010,苗月,中国大陆,汉语普通话 / 四川话,8.3,1597,1,E2,gray_zone,0,https://movie.douban.com/subject/4718232/
4275444,有一天,2010,侯季然,中国台湾,汉语普通话 / 闽南语,6.5,7298,1,E2,gray_zone,0,https://movie.douban.com/subject/4275444/
4307349,父后七日,2010,刘梓洁 / 王育麟,中国台湾,汉语普通话 / 闽南语,8.0,16209,1,E2,gray_zone,0,https://movie.douban.com/subject/4307349/
4833562,碧罗雪山,2010,刘杰,中国大陆,汉语普通话 / 傈僳语,8.0,2549,1,E2,gray_zone,0,https://movie.douban.com/subject/4833562/
4253448,第四张画,2010,钟孟宏,中国台湾,国语 / 闽南语,7.7,16933,1,E2,gray_zone,0,https://movie.douban.com/subject/4253448/
4233892,老虎都要嫁,2010,,中国大陆,汉语普通话 / 粤语,6.0,1899,1,E2,gray_zone,0,https://movie.douban.com/subject/4233892/
4830901,胶带,2010,李凝,中国大陆,汉语普通话 / 山东方言,7.7,233,1,E2,gray_zone,0,https://movie.douban.com/subject/4830901/
4920572,茱丽叶,2010,侯季然 / 沈可尚 / 陈玉勋,中国台湾,汉语普通话 / 闽南话,6.5,2889,1,E2,gray_zone,0,https://movie.douban.com/subject/4920572/
26392401,裸山,2010,龙中华,中国大陆,汉语普通话 / 贵州方言,5.5,302,1,E2,gray_zone,0,https://movie.douban.com/subject/26392401/
4917689,读·豆瓣,2010,黄晓,中国大陆,汉语普通话 / 粤语,5.8,388,1,E2,gray_zone,0,https://movie.douban.com/subject/4917689/
3993565,额吉,2010,宁才,中国大陆,汉语普通话 / 蒙语,8.0,591,1,E2,gray_zone,0,https://movie.douban.com/subject/3993565/
5268683,黑白照片,2010,舒浩仑,中国大陆,汉语普通话 / 上海方言,7.2,278,1,E2,gray_zone,0,https://movie.douban.com/subject/5268683/
6110557,乌鲁木齐的天空,2011,西尔扎提·亚合甫,中国大陆,汉语普通话 / 维语,7.3,256,1,E2,gray_zone,0,https://movie.douban.com/subject/6110557/
4291275,到阜阳六百里,2011,邓勇星,中国大陆 / 中国台湾,汉语普通话 / 上海话,7.7,20568,1,E2,gray_zone,0,https://movie.douban.com/subject/4291275/
6013868,午夜凶梦,2011,叶伟英,中国大陆,汉语普通话 / 粤语,3.5,2592,1,E2,gray_zone,0,https://movie.douban.com/subject/6013868/
6432145,博弈,2011,王清仁,中国大陆,汉语普通话 / 河北方言,8.1,269,1,E2,gray_zone,0,https://movie.douban.com/subject/6432145/
4841184,古宝奇缘,2011,徐捷,中国大陆,汉语普通话 / 方言,5.7,987,1,E2,gray_zone,0,https://movie.douban.com/subject/4841184/
6796784,四年一梦,2011,陈里洋,中国大陆,汉语普通话 / 山东方言,7.5,142,1,E2,gray_zone,0,https://movie.douban.com/subject/6796784/
5977833,大太阳,2011,杨亚洲,中国大陆,汉语普通话 / 四川方言,5.3,231,1,E2,gray_zone,0,https://movie.douban.com/subject/5977833/
5364987,孤岛惊魂,2011,钟继昌,中国大陆,汉语普通话 / 粤语 / 英语 / 日语,3.4,48392,1,E2,gray_zone,0,https://movie.douban.com/subject/5364987/
6224731,带一片风景走,2011,澎恰恰,中国台湾,汉语普通话 / 闽南语,7.6,2021,1,E2,gray_zone,0,https://movie.douban.com/subject/6224731/
6905209,归去来,2011,孙浩然,中国大陆,汉语普通话 / 汉语普通话 汉语方言,7.3,178,1,E2,gray_zone,0,https://movie.douban.com/subject/6905209/
6386979,有一种静叫庄严,2011,张赞波,中国大陆,汉语普通话 / 湖南方言,8.4,1181,1,E2,gray_zone,0,https://movie.douban.com/subject/6386979/
5322605,消失的村庄,2011,林黎胜,中国大陆,汉语普通话 / 云南方言,6.5,236,1,E2,gray_zone,0,https://movie.douban.com/subject/5322605/
3552301,爱到底,2011,方文山 / 九把刀 / 黄子佼 / 陈奕先,中国台湾,汉语普通话 / 台语,6.0,18895,1,E2,gray_zone,0,https://movie.douban.com/subject/3552301/
4942778,白蛇传说,2011,程小东,中国大陆,汉语普通话 / 粤语,4.8,108071,1,E2,gray_zone,0,https://movie.douban.com/subject/4942778/
5244092,翻滚吧！阿信,2011,林育贤,中国台湾,汉语普通话 / 闽南语 Hokkien,7.3,89146,1,E2,gray_zone,0,https://movie.douban.com/subject/5244092/
4166487,肩上蝶,2011,张之亮,中国大陆,汉语普通话 / 粤语,4.9,21556,1,E2,gray_zone,0,https://movie.douban.com/subject/4166487/
6428116,胆小鬼,2011,黄钇霖,中国大陆,汉语普通话 / 汕尾话,6.2,339,1,E2,gray_zone,0,https://movie.douban.com/subject/6428116/
5318669,转山,2011,杜家毅,中国大陆 / 中国台湾,汉语普通话 / 藏语,7.9,87027,1,E2,gray_zone,0,https://movie.douban.com/subject/5318669/
25851736,陈仓已冬,2011,魏龙彪,中国大陆,汉语普通话 / 地方方言,8.9,164,1,E2,gray_zone,0,https://movie.douban.com/subject/25851736/
6900614,风铃,2011,亚娜,中国大陆,汉语普通话 / 四川话,4.1,167,1,E2,gray_zone,0,https://movie.douban.com/subject/6900614/
5382848,鸡排英雄,2011,叶天伦,中国台湾,汉语普通话 / 闽南语,6.8,13036,1,E2,gray_zone,0,https://movie.douban.com/subject/5382848/
6432156,龙船,2011,曹丹,中国大陆,汉语普通话 / 粤语,7.8,155,1,E2,gray_zone,0,https://movie.douban.com/subject/6432156/
7163193,龙门飞甲纪录片,2011,甘露,中国大陆,汉语普通话 / 粤语,7.3,1684,1,E2,gray_zone,0,https://movie.douban.com/subject/7163193/
10537853,万箭穿心,2012,王竞,中国大陆,汉语普通话 / 武汉方言,8.6,200054,1,E2,gray_zone,0,https://movie.douban.com/subject/10537853/
20444574,不耻,2012,余庆,中国大陆,汉语普通话 / 象山方言,6.1,104,1,E2,gray_zone,0,https://movie.douban.com/subject/20444574/
4728518,人山人海,2012,蔡尚君,中国大陆,汉语普通话 / 贵州话,6.7,12775,1,E2,gray_zone,0,https://movie.douban.com/subject/4728518/
10833882,危城之恋,2012,郑大圣,中国大陆,汉语普通话 / 天津话,6.9,652,1,E2,gray_zone,0,https://movie.douban.com/subject/10833882/
11528251,告诉他们，我乘白鹤去了,2012,李睿珺,中国大陆,汉语普通话 / 甘肃方言,7.7,8786,1,E2,gray_zone,0,https://movie.douban.com/subject/11528251/
7056398,喜羊羊与灰太狼之开心闯龙年,2012,简耀宗,中国大陆,汉语普通话 / 粤语,6.2,11069,1,E2,gray_zone,0,https://movie.douban.com/subject/7056398/
10864754,天津闲人,2012,郑大圣,中国大陆,汉语普通话 / 天津话,7.5,4613,1,E2,gray_zone,0,https://movie.douban.com/subject/10864754/
10478122,平壤之约,2012,西尔扎提·亚合甫 / 金贤哲,中国大陆 / 朝鲜,汉语普通话 / 朝鲜语,4.1,1143,1,E2,gray_zone,0,https://movie.douban.com/subject/10478122/
10563119,恋爱三万英尺,2012,杨子,中国大陆,汉语普通话 / 粤语,3.3,1499,1,E2,gray_zone,0,https://movie.douban.com/subject/10563119/
10580093,操场,2012,汪崎,中国大陆,汉语普通话 / 上海话Shanghainese,6.5,405,1,E2,gray_zone,0,https://movie.douban.com/subject/10580093/
24869508,斗争,2012,文牧野,中国大陆,汉语普通话 / 维吾尔语,7.6,1806,1,E2,gray_zone,0,https://movie.douban.com/subject/24869508/
11537964,有人赞美聪慧，有人则不,2012,杨瑾,中国大陆 / 韩国,汉语普通话 / 汉语方言,7.8,6069,1,E2,gray_zone,0,https://movie.douban.com/subject/11537964/
4176542,杀生,2012,管虎,中国大陆,汉语普通话 / 四川话,7.8,204106,1,E2,gray_zone,0,https://movie.douban.com/subject/4176542/
6902345,潘多拉的宝剑,2012,李克龙,中国大陆,汉语普通话 / 河南方言,5.1,1382,1,E2,gray_zone,0,https://movie.douban.com/subject/6902345/
6858739,爱的面包魂,2012,高炳权 / 林君阳,中国台湾,汉语普通话 / 闽南语 / 英语 / 法语,5.9,11485,1,E2,gray_zone,0,https://movie.douban.com/subject/6858739/
11226123,生活而已2,2012,魏晓波,中国大陆,汉语普通话 / 山东话,7.9,431,1,E2,gray_zone,0,https://movie.douban.com/subject/11226123/
4718369,白鹿原,2012,王全安,中国大陆,汉语普通话 / 陕西话,6.4,116216,1,E2,gray_zone,0,https://movie.douban.com/subject/4718369/
11604171,致敬青春,2012,赵睿,中国大陆,汉语普通话 / 山西太谷方言,7.0,364,1,E2,gray_zone,0,https://movie.douban.com/subject/11604171/
11501396,边境风云,2012,程耳,中国大陆,汉语普通话 / 四川话 / 缅甸语,7.8,98756,1,E2,gray_zone,0,https://movie.douban.com/subject/11501396/
6989743,阵头,2012,冯凯,中国台湾,汉语普通话 / 闽南语,7.2,5506,1,E2,gray_zone,0,https://movie.douban.com/subject/6989743/
10776186,飞机,2012,耿军,中国大陆,汉语普通话 / 东北话,6.9,111,1,E2,gray_zone,0,https://movie.douban.com/subject/10776186/
6080775,黄金大劫案,2012,宁浩,中国大陆,汉语普通话 / 东北话,6.8,210454,1,E2,gray_zone,0,https://movie.douban.com/subject/6080775/
7163765,龙飞凤舞,2012,王育麟,中国台湾,汉语普通话 / 闽南语,6.7,156,1,E2,gray_zone,0,https://movie.douban.com/subject/7163765/
26831254,2013年江苏卫视跨年演唱会,2013,,中国大陆,汉语普通话 / 粤语 / 韩语,6.5,108,1,E2,gray_zone,0,https://movie.douban.com/subject/26831254/
3821067,一代宗师,2013,王家卫,中国大陆 / 中国香港,汉语普通话 / 粤语 / 日语,8.1,534866,1,E2,gray_zone,0,https://movie.douban.com/subject/3821067/
10604486,不二神探,2013,王子鸣,中国大陆,汉语普通话 / 粤语 / 英语,4.8,145667,1,E2,gray_zone,0,https://movie.douban.com/subject/10604486/
20470278,世界第一麦方,2013,林正盛,中国台湾,汉语普通话 / 闽南语,6.6,383,1,E2,gray_zone,0,https://movie.douban.com/subject/20470278/
20280082,人间蒸发,2013,梁德森,中国大陆 / 中国香港,汉语普通话 / 粤语 / 日语,2.8,2946,1,E2,gray_zone,0,https://movie.douban.com/subject/20280082/
6890737,光辉岁月,2013,熊欣欣,中国大陆,汉语普通话 / 粤语,4.7,4345,1,E2,gray_zone,0,https://movie.douban.com/subject/6890737/
21327875,台湾人在满洲国,2013,余明洙 / 丁雯静,中国台湾 / 马来西亚,汉语普通话 / 台语 Taiwanese,8.0,101,1,E2,gray_zone,0,https://movie.douban.com/subject/21327875/
25775642,嘿！小面,2013,曾磊,中国大陆,汉语普通话 / 重庆话,7.9,3814,1,E2,gray_zone,0,https://movie.douban.com/subject/25775642/
11599151,大尾鲈鳗,2013,邱瓈宽 / 黄朝亮,中国台湾,汉语普通话 / 闽南语,5.9,4928,1,E2,gray_zone,0,https://movie.douban.com/subject/11599151/
30200085,如果早知道男生也会被性侵,2013,陈北川,中国台湾,汉语普通话 / 闽南语,8.7,3261,1,E2,gray_zone,0,https://movie.douban.com/subject/30200085/
24530675,小胖妞4,2013,何伟锋,中国大陆,汉语普通话 / 粤语,7.5,961,1,E2,gray_zone,0,https://movie.douban.com/subject/24530675/
21340768,急诊,2013,周浩,中国大陆,汉语普通话 / 粤语,8.0,3003,1,E2,gray_zone,0,https://movie.douban.com/subject/21340768/
20515031,总铺师,2013,陈玉勋,中国台湾,汉语普通话 / 闽南语,7.1,7058,1,E2,gray_zone,0,https://movie.douban.com/subject/20515031/
10763164,扫毒,2013,陈木胜,中国大陆 / 中国香港,汉语普通话 / 粤语 / 泰语 / 英语,7.5,239286,1,E2,gray_zone,0,https://movie.douban.com/subject/10763164/
10864713,明天记得爱上我,2013,陈骏霖,中国台湾,汉语普通话 / 粤语,6.4,4788,1,E2,gray_zone,0,https://movie.douban.com/subject/10864713/
5997849,暑假作业,2013,张作骥,中国台湾,汉语普通话 / 闽南语,7.3,1656,1,E2,gray_zone,0,https://movie.douban.com/subject/5997849/
11600922,暴躁天使,2013,赵晔,中国大陆,汉语普通话 / 粤语,4.4,863,1,E2,gray_zone,0,https://movie.douban.com/subject/11600922/
21264285,爱别离,2013,吴林,中国大陆 / 中国台湾,汉语普通话 / 藏语,5.0,3653,1,E2,gray_zone,0,https://movie.douban.com/subject/21264285/
20254287,爱呦，阿斗,2013,爱迪生,中国大陆,汉语普通话 / 大连话,7.6,518,1,E2,gray_zone,0,https://movie.douban.com/subject/20254287/
23126901,特殊身份,2013,霍耀良,中国大陆,汉语普通话 / 粤语,4.3,66839,1,E2,gray_zone,0,https://movie.douban.com/subject/23126901/
20645007,美好2013,2013,吕乐 / 张婉婷 / 黑泽清,中国香港,汉语普通话 / 粤语 / 日语,6.7,161,1,E2,gray_zone,0,https://movie.douban.com/subject/20645007/
10833919,美姐,2013,郝杰,中国大陆,汉语普通话 / 晋语,7.8,22704,1,E2,gray_zone,0,https://movie.douban.com/subject/10833919/
20443799,诡婴吉咪,2013,梁普智,中国大陆,汉语普通话 / 粤语,3.7,2726,1,E2,gray_zone,0,https://movie.douban.com/subject/20443799/
20645076,迷失,2013,邓婕 / 殷勇,中国大陆,汉语普通话 / 武汉话,4.8,196,1,E2,gray_zone,0,https://movie.douban.com/subject/20645076/
24860303,门巴将军,2013,马会雷,中国大陆,汉语普通话 / 藏语,6.3,260,1,E2,gray_zone,0,https://movie.douban.com/subject/24860303/
24752295,青春小说,2013,郭奎永,中国大陆,汉语普通话 / 河南方言,6.1,125,1,E2,gray_zone,0,https://movie.douban.com/subject/24752295/
6973460,冰封：重生之门,2014,罗永昌,中国大陆,汉语普通话 / 粤语,3.9,42511,1,E2,gray_zone,0,https://movie.douban.com/subject/6973460/
24751765,喜羊羊与灰太狼之飞马奇遇记,2014,简耀宗,中国大陆,汉语普通话 / 粤语,5.9,21984,1,E2,gray_zone,0,https://movie.douban.com/subject/24751765/
19962587,夜莺,2014,费利普·弥勒,中国大陆 / 法国,汉语普通话 / 广西方言 / 法语,6.5,7640,1,E2,gray_zone,0,https://movie.douban.com/subject/19962587/
25773293,守望天湖,2014,唐敬睿,中国大陆,汉语普通话 / 藏语,8.0,138,1,E2,gray_zone,0,https://movie.douban.com/subject/25773293/
25802582,希望有个如你一般的人,2014,刘鸿志,中国大陆,汉语普通话 / 南京话,5.5,102,1,E2,gray_zone,0,https://movie.douban.com/subject/25802582/
10604851,恶战,2014,黄精甫,中国香港 / 中国大陆,汉语普通话 / 粤语 / 日语,6.4,8305,1,E2,gray_zone,0,https://movie.douban.com/subject/10604851/
25715087,最佳嫌疑人,2014,张承,中国大陆,汉语普通话 / 粤语 / 日语 / 韩语,6.0,8986,1,E2,gray_zone,0,https://movie.douban.com/subject/25715087/
11625097,澳门风云 賭城風雲,2014,王晶 / 钟少雄,中国大陆 / 中国香港,汉语普通话 / 粤语 / 英语 / 葡萄牙语 / 泰语 / 韩语 / 日语,5.8,157477,1,E2,gray_zone,0,https://movie.douban.com/subject/11625097/
25849506,热带,2014,穆肃,中国大陆,汉语普通话 / 粤语,7.4,102,1,E2,gray_zone,0,https://movie.douban.com/subject/25849506/
25756355,特工艾米拉,2014,徐宏辉,中国大陆,汉语普通话 / 粤语,3.0,9128,1,E2,gray_zone,0,https://movie.douban.com/subject/25756355/
24867840,甘南情歌,2014,高力强,中国大陆,汉语普通话 / 藏语,7.6,302,1,E2,gray_zone,0,https://movie.douban.com/subject/24867840/
25832758,神笔马良,2014,钟智行,中国大陆,汉语普通话 / 山东方言,5.9,10377,1,E2,gray_zone,0,https://movie.douban.com/subject/25832758/
6721670,秦时明月之龙腾万里,2014,沈乐平,中国大陆,汉语普通话 / 陕西方言,6.9,29856,1,E2,gray_zone,0,https://movie.douban.com/subject/6721670/
24745500,绣春刀,2014,路阳,中国大陆,汉语普通话 / 蒙古语,7.6,403226,1,E2,gray_zone,0,https://movie.douban.com/subject/24745500/
25704408,花咒,2014,李克龙,中国大陆,汉语普通话 / 粤语,3.7,1663,1,E2,gray_zone,0,https://movie.douban.com/subject/25704408/
26200601,钱在路上跑,2014,阿尔斯郎·阿布都克里木 / 木拉提·买买提 / 周军,中国大陆,汉语普通话 / 维吾尔语 Uyghur,6.9,367,1,E2,gray_zone,0,https://movie.douban.com/subject/26200601/
11443316,龙之谷：破晓奇兵,2014,宋岳峰,中国大陆,汉语普通话 / 粤语,7.7,28206,1,E2,gray_zone,0,https://movie.douban.com/subject/11443316/
25928812,龟兔再跑,2014,郑崇炘,中国大陆,汉语普通话 / 粤语,5.1,180,1,E2,gray_zone,0,https://movie.douban.com/subject/25928812/
26061902,东北偏北,2015,张秉坚,中国大陆,汉语普通话 / 东北方言,6.3,7251,1,E2,gray_zone,0,https://movie.douban.com/subject/26061902/
26703380,再见318,2015,张大格,中国大陆,汉语普通话 / 藏语 Tibetan,5.7,111,1,E2,gray_zone,0,https://movie.douban.com/subject/26703380/
26005517,别有动机,2015,黄岳泰,中国大陆,汉语普通话 / 粤语,4.3,2320,1,E2,gray_zone,0,https://movie.douban.com/subject/26005517/
11776289,华丽上班族,2015,杜琪峰,中国香港 / 中国大陆,汉语普通话 / 粤语 / 英语,6.0,52488,1,E2,gray_zone,0,https://movie.douban.com/subject/11776289/
26433965,告别,2015,德格娜,中国大陆,汉语普通话 / 蒙古语,7.5,2172,1,E2,gray_zone,0,https://movie.douban.com/subject/26433965/
25875053,基隆,2015,乔梁,中国大陆 / 中国台湾,汉语普通话 / 闽南语,6.9,861,1,E2,gray_zone,0,https://movie.douban.com/subject/25875053/
26184568,奇人密码：古罗布之迷,2015,黄强华,中国台湾,汉语普通话 / 闽南语,6.6,586,1,E2,gray_zone,0,https://movie.douban.com/subject/26184568/
26676478,我们这样拍电影,2015,萧菊贞,中国台湾,汉语普通话 / 台语,7.7,719,1,E2,gray_zone,0,https://movie.douban.com/subject/26676478/
26317308,我要上迷笛,2015,王骞,中国大陆,汉语普通话 / 粤语,7.4,112,1,E2,gray_zone,0,https://movie.douban.com/subject/26317308/
25849475,新娘大作战,2015,陈国辉,中国大陆 / 中国香港,汉语普通话 / 上海话,4.2,81434,1,E2,gray_zone,0,https://movie.douban.com/subject/25849475/
26331811,新西兰打工旅行2013-2014,2015,梁敬谦,中国大陆,汉语普通话 / 粤语 / 英语,8.4,159,1,E2,gray_zone,0,https://movie.douban.com/subject/26331811/
23788440,杀破狼2,2015,郑保瑞,中国香港 / 中国大陆,汉语普通话 / 粤语 / 英语 / 泰语 / 韩语,7.4,166882,1,E2,gray_zone,0,https://movie.douban.com/subject/23788440/
26306897,李文漫游东湖,2015,李珞,中国大陆,汉语普通话 / 武汉方言,8.3,2322,1,E2,gray_zone,0,https://movie.douban.com/subject/26306897/
25982512,死亡之谜,2015,黄正杰,中国大陆,汉语普通话 / 粤语,2.8,897,1,E2,gray_zone,0,https://movie.douban.com/subject/25982512/
25710912,港囧,2015,徐峥,中国大陆,汉语普通话 / 粤语,5.7,364997,1,E2,gray_zone,0,https://movie.douban.com/subject/25710912/
25790210,爱琳娜,2015,林靖杰,中国台湾,汉语普通话 / 台語,6.5,104,1,E2,gray_zone,0,https://movie.douban.com/subject/25790210/
25772420,爸爸的晚餐,2015,郑正,中国大陆,汉语普通话 / 重庆话,7.2,339,1,E2,gray_zone,0,https://movie.douban.com/subject/25772420/
3993588,狼图腾,2015,让-雅克·阿诺,中国大陆 / 法国,汉语普通话 / 蒙古语,6.9,187204,1,E2,gray_zone,0,https://movie.douban.com/subject/3993588/
25870074,第七谎言,2015,孔令政,中国香港,汉语普通话 / 粤语 / 英语,4.2,1765,1,E2,gray_zone,0,https://movie.douban.com/subject/25870074/
26586488,红衣小女孩,2015,程伟豪,中国台湾,汉语普通话 / 台语,5.9,12201,1,E2,gray_zone,0,https://movie.douban.com/subject/26586488/
26277313,西游记之大圣归来,2015,田晓鹏,中国大陆,汉语普通话 / 粤语,8.3,617094,1,E2,gray_zone,0,https://movie.douban.com/subject/26277313/
26275692,角头,2015,李运杰,中国台湾,汉语普通话 / 闽南语,5.7,4358,1,E2,gray_zone,0,https://movie.douban.com/subject/26275692/
24987018,赤道,2015,梁乐民 / 陆剑青,中国香港,汉语普通话 / 粤语 / 韩语 / 英语,6.2,105558,1,E2,gray_zone,0,https://movie.douban.com/subject/24987018/
26658552,送别,2015,曾光,中国大陆,汉语普通话 / 东北官话,6.7,390,1,E2,gray_zone,0,https://movie.douban.com/subject/26658552/
26325651,逃学英雄,2015,黄一山,中国大陆,汉语普通话 / 粤语,2.4,125,1,E2,gray_zone,0,https://movie.douban.com/subject/26325651/
25732105,鄂尔多斯骑士,2015,禾家,中国大陆,汉语普通话 / 蒙语,5.6,159,1,E2,gray_zone,0,https://movie.douban.com/subject/25732105/
26306656,醉·生梦死,2015,张作骥,中国台湾,汉语普通话 / 闽南语,7.2,11137,1,E2,gray_zone,0,https://movie.douban.com/subject/26306656/
26235349,三人行,2016,杜琪峰,中国大陆 / 中国香港,汉语普通话 / 粤语 / 英语,5.9,92331,1,E2,gray_zone,0,https://movie.douban.com/subject/26235349/
26365631,冲天火,2016,林岭东,中国大陆,汉语普通话 / 粤语,3.5,12735,1,E2,gray_zone,0,https://movie.douban.com/subject/26365631/
26801581,动植物大战,2016,范文彬,中国大陆,汉语普通话 / 粤语,2.6,191,1,E2,gray_zone,0,https://movie.douban.com/subject/26801581/
11598977,叶问3,2016,叶伟信,中国大陆 / 中国香港,汉语普通话 / 粤语 / 英语,6.6,146797,1,E2,gray_zone,0,https://movie.douban.com/subject/11598977/
26271105,同流合乌,2016,云翔,中国香港 / 泰国,汉语普通话 / 粤语 / 日语 / 英语,4.4,2110,1,E2,gray_zone,0,https://movie.douban.com/subject/26271105/
26665828,呼吸正常,2016,李云波,中国大陆,汉语普通话 / 粤语,5.7,2866,1,E2,gray_zone,0,https://movie.douban.com/subject/26665828/
26720391,大显神威,2016,辛季澧,中国台湾,汉语普通话 / 闽南语,4.6,344,1,E2,gray_zone,0,https://movie.douban.com/subject/26720391/
26773954,大风水师,2016,黄羿,中国大陆,汉语普通话 / 粤语,4.6,199,1,E2,gray_zone,0,https://movie.douban.com/subject/26773954/
25951720,寻找心中的你,2016,刘伟恒,中国香港,汉语普通话 / 粤语 / 英语,7.4,11991,1,E2,gray_zone,0,https://movie.douban.com/subject/25951720/
26732377,川流之岛,2016,詹京霖,中国台湾,汉语普通话 / 闽南语,7.4,3524,1,E2,gray_zone,0,https://movie.douban.com/subject/26732377/
25757187,我不是王毛,2016,赵小溪,中国大陆,汉语普通话 / 河南话,8.0,60378,1,E2,gray_zone,0,https://movie.douban.com/subject/25757187/
26418005,我的“狐朋狗友”,2016,霍猛,中国大陆,汉语普通话 / 河南话,5.7,1060,1,E2,gray_zone,0,https://movie.douban.com/subject/26418005/
24867829,杠上开花,2016,贾一平,中国大陆,汉语普通话 / 武汉话,3.1,439,1,E2,gray_zone,0,https://movie.douban.com/subject/24867829/
25815034,湄公河行动,2016,林超贤,中国大陆 / 中国香港,汉语普通话 / 粤语 / 泰语 / 缅甸语 / 英语,8.0,670903,1,E2,gray_zone,0,https://movie.douban.com/subject/25815034/
25662327,火锅英雄,2016,杨庆,中国大陆,汉语普通话 / 重庆话,7.2,318741,1,E2,gray_zone,0,https://movie.douban.com/subject/25662327/
26779536,血战铜锣湾,2016,陈家俊 / 张浩博,中国大陆,汉语普通话 / 粤语,3.4,298,1,E2,gray_zone,0,https://movie.douban.com/subject/26779536/
26263919,谋杀似水年华,2016,陈果,中国大陆 / 中国香港,汉语普通话 / 云南方言,3.9,17643,1,E2,gray_zone,0,https://movie.douban.com/subject/26263919/
26903988,越囧,2016,郭翔,中国大陆 / 越南,汉语普通话 / 粤语 / 越南语 Vietnamese / 英语,2.3,641,1,E2,gray_zone,0,https://movie.douban.com/subject/26903988/
26352419,飞地,2016,李维,中国大陆,汉语普通话 / 彝语 Yi,6.7,441,1,E2,gray_zone,0,https://movie.douban.com/subject/26352419/
26780534,52赫兹，我爱你,2017,魏德圣,中国台湾,汉语普通话 / 闽南语,5.7,3139,1,E2,gray_zone,0,https://movie.douban.com/subject/26780534/
1292434,一一,2017,杨德昌,中国台湾 / 日本,汉语普通话 / 闽南语 / 英语 / 日语,9.1,313439,1,E2,gray_zone,0,https://movie.douban.com/subject/1292434/
26961159,囚,2017,马莉,中国大陆,汉语普通话 / 东北方言,9.1,7029,1,E2,gray_zone,0,https://movie.douban.com/subject/26961159/
27062663,塬上,2017,乔梁,中国大陆,汉语普通话 / 陕西方言,6.5,371,1,E2,gray_zone,0,https://movie.douban.com/subject/27062663/
26429879,我不做大哥好多年,2017,邱瓈宽,中国台湾,汉语普通话 / 闽南语,5.3,3165,1,E2,gray_zone,0,https://movie.douban.com/subject/26429879/
26748673,拆弹专家,2017,邱礼涛,中国大陆 / 中国香港,汉语普通话 / 粤语 / 英语,6.2,159685,1,E2,gray_zone,0,https://movie.douban.com/subject/26748673/
26324232,摇摇晃晃的人间,2017,范俭,中国大陆,汉语普通话 / 湖北方言,7.9,23700,1,E2,gray_zone,0,https://movie.douban.com/subject/26324232/
26968495,最后的诗句,2017,曾英庭,中国台湾,汉语普通话 / 闽南语,7.7,5623,1,E2,gray_zone,0,https://movie.douban.com/subject/26968495/
26335565,河对岸是山,2017,张跃龄,中国大陆,汉语普通话 / 甘肃方言,6.6,436,1,E2,gray_zone,0,https://movie.douban.com/subject/26335565/
26289140,灿烂这一刻,2017,陈果,中国大陆,汉语普通话 / 粤语,5.0,714,1,E2,gray_zone,0,https://movie.douban.com/subject/26289140/
26948510,爱上女蒲团2,2017,吉米,中国大陆,汉语普通话 / 粤语,2.9,289,1,E2,gray_zone,0,https://movie.douban.com/subject/26948510/
27003499,生化药尸,2017,梁嘉铭,中国大陆,汉语普通话 / 粤语,3.0,413,1,E2,gray_zone,0,https://movie.douban.com/subject/27003499/
26177735,皮绳上的魂,2017,张杨,中国大陆,汉语普通话 / 藏语,7.2,6536,1,E2,gray_zone,0,https://movie.douban.com/subject/26177735/
11600078,目击者之追凶,2017,程伟豪,中国台湾,汉语普通话 / 闽南语,8.2,158451,1,E2,gray_zone,0,https://movie.douban.com/subject/11600078/
27104373,神偷大师,2017,沈金飞 / 阎余超,中国大陆,汉语普通话 / 四川方言,5.0,707,1,E2,gray_zone,0,https://movie.douban.com/subject/27104373/
26334947,空山异客,2017,杨恒,中国大陆,汉语普通话 / 湘西方言,5.9,481,1,E2,gray_zone,0,https://movie.douban.com/subject/26334947/
26957500,老兽,2017,周子阳,中国大陆,汉语普通话 / 晋语,7.0,26662,1,E2,gray_zone,0,https://movie.douban.com/subject/26957500/
27124931,陈冲·上海：梅雨季节的城市穿行,2017,范欣,中国大陆,汉语普通话 / 上海话,7.2,132,1,E2,gray_zone,0,https://movie.douban.com/subject/27124931/
30378028,世外桃源,2018,周铭影,中国大陆,汉语普通话 / 四川方言,7.3,1069,1,E2,gray_zone,0,https://movie.douban.com/subject/30378028/
27622779,人怕出名猪怕壮,2018,彭建伟,中国大陆,汉语普通话 / 四川方言,5.5,855,1,E2,gray_zone,0,https://movie.douban.com/subject/27622779/
26924141,低压槽：欲望之城,2018,张家辉,中国大陆 / 中国香港,汉语普通话 / 粤语 / 英语 / 泰语,4.3,15981,1,E2,gray_zone,0,https://movie.douban.com/subject/26924141/
30243293,初三四班,2018,陆春桥,中国大陆,汉语普通话 / 四川话,7.1,674,1,E2,gray_zone,0,https://movie.douban.com/subject/30243293/
26796664,叶问外传：张天志,2018,袁和平,中国大陆 / 中国香港,汉语普通话 / 粤语 / 英语,5.6,49202,1,E2,gray_zone,0,https://movie.douban.com/subject/26796664/
30234465,寻鳞,2018,黄文轩,中国大陆,汉语普通话 / 粤语,8.4,212,1,E2,gray_zone,0,https://movie.douban.com/subject/30234465/
30140092,小美,2018,黄荣昇,中国台湾,汉语普通话 / 粤语,6.1,819,1,E2,gray_zone,0,https://movie.douban.com/subject/30140092/
30255216,您一定不要错过,2018,麦丽丝,中国大陆,汉语普通话 / 蒙语 / 日语 / 俄语,5.7,2173,1,E2,gray_zone,0,https://movie.douban.com/subject/30255216/
30272101,我私人的赫尔佐格,2018,郭泽权,中国大陆,汉语普通话 / 粤语,6.0,205,1,E2,gray_zone,0,https://movie.douban.com/subject/30272101/
30291548,捍战,2018,洪子烜,中国台湾,汉语普通话 / 粤语,6.5,2231,1,E2,gray_zone,0,https://movie.douban.com/subject/30291548/
26425063,无双,2018,庄文强,中国大陆 / 中国香港,汉语普通话 / 粤语 / 英语 / 泰语 / 波兰语,8.0,847858,1,E2,gray_zone,0,https://movie.douban.com/subject/26425063/
27110296,无名之辈,2018,饶晓志,中国大陆,汉语普通话 / 贵州方言,8.0,927485,1,E2,gray_zone,0,https://movie.douban.com/subject/27110296/
30162995,沿海出发,2018,殷玉洲,中国大陆,汉语普通话 / 胶辽官话,5.9,411,1,E2,gray_zone,0,https://movie.douban.com/subject/30162995/
27069377,淡蓝琥珀,2018,周劼,中国大陆,汉语普通话 / 重庆方言,6.2,3935,1,E2,gray_zone,0,https://movie.douban.com/subject/27069377/
25716096,狗十三,2018,曹保平,中国大陆,汉语普通话 / 西安话,8.2,457298,1,E2,gray_zone,0,https://movie.douban.com/subject/25716096/
30214059,红毛皇帝,2018,岳廷,中国大陆,汉语普通话 / 河南话,7.2,1605,1,E2,gray_zone,0,https://movie.douban.com/subject/30214059/
27621448,范保德,2018,萧雅全,中国台湾,汉语普通话 / 闽南语,6.8,1472,1,E2,gray_zone,0,https://movie.douban.com/subject/27621448/
30208007,藏北秘岭-重返无人区,2018,饶子君,中国大陆,汉语普通话 / 藏语,5.8,5593,1,E2,gray_zone,0,https://movie.douban.com/subject/30208007/
26994321,角头2：王者再起,2018,颜正国,中国台湾,汉语普通话 / 闽南语,6.6,9804,1,E2,gray_zone,0,https://movie.douban.com/subject/26994321/
30337147,那年1987,2018,余斌,中国大陆,汉语普通话 / 粤语,6.2,2271,1,E2,gray_zone,0,https://movie.douban.com/subject/30337147/
30242177,饿死诗人,2018,张新阳,中国大陆,汉语普通话 / 南京话,6.7,658,1,E2,gray_zone,0,https://movie.douban.com/subject/30242177/
26769474,香港大营救,2018,刘一君,中国大陆,汉语普通话 / 粤语 / 日语,4.4,1036,1,E2,gray_zone,0,https://movie.douban.com/subject/26769474/
26795054,乘客,2019,许振昊,中国大陆,汉语普通话 / 重庆话,5.6,210,1,E2,gray_zone,0,https://movie.douban.com/subject/26795054/
33420933,南方少女,2019,邱阳,中国大陆 / 法国,汉语普通话 / 常州话,7.1,424,1,E2,gray_zone,0,https://movie.douban.com/subject/33420933/
27075252,夜以继夜,2019,张琦,中国大陆,汉语普通话 / 重庆方言,5.3,284,1,E2,gray_zone,0,https://movie.douban.com/subject/27075252/
33447759,奔跑的少年,2019,戴维,中国大陆,汉语普通话 / 维吾尔语,7.1,735,1,E2,gray_zone,0,https://movie.douban.com/subject/33447759/
30206417,好汉三条半,2019,林子聪 Tze Chung Lam,中国大陆,汉语普通话 / 粤语,3.1,530,1,E2,gray_zone,0,https://movie.douban.com/subject/30206417/
30372078,小郭南方漫游记,2019,郭泽权,中国大陆,汉语普通话 / 粤语,7.1,291,1,E2,gray_zone,0,https://movie.douban.com/subject/30372078/
33459904,岐路父子,2019,王博伦,中国大陆,汉语普通话 / 西南官话,7.0,815,1,E2,gray_zone,0,https://movie.douban.com/subject/33459904/
26752087,拉姆与嘎贝,2019,松太加,中国大陆,汉语普通话 / 藏语,6.9,383,1,E2,gray_zone,0,https://movie.douban.com/subject/26752087/
30413052,攀登者,2019,李仁港,中国大陆,汉语普通话 / 藏语,6.0,295304,1,E2,gray_zone,0,https://movie.douban.com/subject/30413052/
33713078,浊风浪游,2019,张新阳,中国大陆,汉语普通话 / 武汉话,6.1,226,1,E2,gray_zone,0,https://movie.douban.com/subject/33713078/
27199913,灰猴,2019,张璞,中国大陆,汉语普通话 / 山西方言,5.9,8339,1,E2,gray_zone,0,https://movie.douban.com/subject/27199913/
34852806,狂飙一梦,2019,廖建华,中国台湾,汉语普通话 / 台语 Taiwanese,6.8,108,1,E2,gray_zone,0,https://movie.douban.com/subject/34852806/
34332494,红暑,2019,杨雨豪,中国大陆,汉语普通话 / 四川方言,7.5,589,1,E2,gray_zone,0,https://movie.douban.com/subject/34332494/
34452977,船,2019,彭炜君,中国大陆,汉语普通话 / 粤语,6.3,173,1,E2,gray_zone,0,https://movie.douban.com/subject/34452977/
27191431,过春天,2019,白雪,中国大陆,汉语普通话 / 粤语,7.7,281442,1,E2,gray_zone,0,https://movie.douban.com/subject/27191431/
27177463,那个我最亲爱的陌生人,2019,张作骥,中国台湾,汉语普通话 / 闽南语,6.5,1270,1,E2,gray_zone,0,https://movie.douban.com/subject/27177463/
30292777,阳光普照,2019,钟孟宏,中国台湾,汉语普通话 / 闽南语,8.5,270757,1,E2,gray_zone,0,https://movie.douban.com/subject/30292777/
26728669,风中有朵雨做的云,2019,娄烨,中国大陆,汉语普通话 / 粤语,7.2,364183,1,E2,gray_zone,0,https://movie.douban.com/subject/26728669/
30491798,回南天,2020,高鸣,中国大陆,汉语普通话 / 粤语,5.5,1018,1,E2,gray_zone,0,https://movie.douban.com/subject/30491798/
35193163,夏风沉醉的晚上,2020,顾晓刚,中国大陆,汉语普通话 / 杭州话,5.5,540,1,E2,gray_zone,0,https://movie.douban.com/subject/35193163/
35230673,太阳底下,2020,马文 / 马武,中国大陆,汉语普通话 / 陕西方言,7.5,415,1,E2,gray_zone,0,https://movie.douban.com/subject/35230673/
34805873,孤味,2020,许承杰,中国台湾,汉语普通话 / 闽南话,8.1,53629,1,E2,gray_zone,0,https://movie.douban.com/subject/34805873/
34997942,小春与猪排,2020,黃俊傑,中国台湾,台湾国语 / 闽南语,5.9,118,1,E2,gray_zone,0,https://movie.douban.com/subject/34997942/
34968943,幸福选择题五部曲 - 孤鸟还乡,2020,李佳桦,中国台湾,汉语普通话 / 闽南语 / 日语,5.5,175,1,E2,gray_zone,0,https://movie.douban.com/subject/34968943/
30171424,拆弹专家2,2020,邱礼涛,中国大陆 / 中国香港,汉语普通话 / 粤语 / 英语,7.5,490652,1,E2,gray_zone,0,https://movie.douban.com/subject/30171424/
34925392,拨浪鼓咚咚响,2020,白志强,中国大陆,汉语普通话 / 陕北方言,7.4,653,1,E2,gray_zone,0,https://movie.douban.com/subject/34925392/
30419744,春江水暖,2020,顾晓刚,中国大陆,汉语普通话 / 杭州话,7.3,23195,1,E2,gray_zone,0,https://movie.douban.com/subject/30419744/
34970312,枝栖,2020,李季风,中国大陆,汉语普通话 / 重庆话,6.4,213,1,E2,gray_zone,0,https://movie.douban.com/subject/34970312/
33451752,汉南夏日,2020,韩帅,中国大陆,汉语普通话 / 武汉话,6.9,555,1,E2,gray_zone,0,https://movie.douban.com/subject/33451752/
35154957,消失的情人节,2020,陈玉勋,中国台湾,汉语普通话 / 闽南语,7.2,22894,1,E2,gray_zone,0,https://movie.douban.com/subject/35154957/
35191327,秘密基地,2020,林齐颖,中国大陆,汉语普通话 / 潮汕话,6.5,249,1,E2,gray_zone,1,https://movie.douban.com/subject/35191327/
34925598,腿,2020,张耀升,中国台湾,汉语普通话 / 闽南话,6.3,5015,1,E2,gray_zone,0,https://movie.douban.com/subject/34925598/
30170833,荞麦疯长,2020,徐展雄,中国大陆,汉语普通话 / 上海话,4.1,57601,1,E2,gray_zone,0,https://movie.douban.com/subject/30170833/
34940544,追龙番外篇之十亿探长,2020,许悦铭,中国大陆,汉语普通话 / 粤语,4.2,2212,1,E2,gray_zone,0,https://movie.douban.com/subject/34940544/
1770510,蛇杀手,1974,桂治洪,中国香港,汉语普通话 / 英语 / 粤语,7.0,1537,0,,gray_zone,0,https://movie.douban.com/subject/1770510/
3736057,邪魔,1981,张人杰,中国台湾,汉语普通话 / 英语 / 粤语,6.2,247,0,,gray_zone,0,https://movie.douban.com/subject/3736057/
3047973,新天龙八部,1982,蕭笙,中国香港,普通话/国语 / 粤语,5.8,621,0,,gray_zone,0,https://movie.douban.com/subject/3047973/
1294139,似水流年,1984,严浩,中国香港 / 中国大陆,汉语普通话 / 粤语,8.2,5706,0,E2+E3+N1,gray_zone,0,https://movie.douban.com/subject/1294139/
5179821,心锁,1986,何藩,中国台湾,普通话/国语 / 粤语,5.9,294,0,,gray_zone,0,https://movie.douban.com/subject/5179821/
1962448,灵幻童子,1986,李作楠,中国台湾 / 中国香港,汉语普通话 / 英语 / 粤语,6.6,416,0,,gray_zone,0,https://movie.douban.com/subject/1962448/
1305441,人在纽约,1989,关锦鹏,中国香港,汉语普通话 / 英语 / 粤语,7.5,6172,0,,gray_zone,0,https://movie.douban.com/subject/1305441/
1300581,至尊无上,1989,向华胜 / 王晶 / 元奎,中国香港,汉语普通话 / 英语 / 粤语 / 日语,7.4,10819,0,,gray_zone,0,https://movie.douban.com/subject/1300581/
3032434,一世好命,1991,梁家树,中国香港,普通话/国语 / 粤语,7.0,3097,0,,gray_zone,0,https://movie.douban.com/subject/3032434/
1306970,上海假期,1991,许鞍华,中国大陆 / 中国香港 / 中国台湾,汉语普通话 / 英语 / 上海话,7.1,2556,0,,gray_zone,0,https://movie.douban.com/subject/1306970/
1306939,推手,1991,李安,中国台湾 / 美国,汉语普通话 / 英语 / 粤语,8.4,127014,0,,gray_zone,0,https://movie.douban.com/subject/1306939/
1302941,戏梦人生,1994,侯孝贤,中国台湾,汉语普通话 / 日语 / 闽南语,8.4,7236,0,,gray_zone,0,https://movie.douban.com/subject/1302941/
1308130,少女小渔,1995,张艾嘉,中国台湾,汉语普通话 / 英语 / 粤语,7.9,30489,0,,gray_zone,0,https://movie.douban.com/subject/1308130/
3337623,岁月情真,1995,梁材遠,中国香港,普通话/国语 / 粤语,7.9,111,0,,gray_zone,0,https://movie.douban.com/subject/3337623/
3444612,成龙的传奇,1998,成龙,中国香港,普通话/国语 / 粤语,7.6,604,0,,gray_zone,0,https://movie.douban.com/subject/3444612/
4043852,我的潭子湾小学,1999,冯乔,中国大陆,普通话/国语 / 上海话,8.8,117,0,,gray_zone,0,https://movie.douban.com/subject/4043852/
1301914,真心话,1999,尔冬升,中国香港 / 新加坡,普通话 / 英语 / 粤语,7.3,1065,0,,gray_zone,0,https://movie.douban.com/subject/1301914/
3339284,茅山斗僵尸,1999,罗道邦,中国香港,普通话/国语 / 粤语,3.5,129,0,,gray_zone,0,https://movie.douban.com/subject/3339284/
900030,鬼子来了,2000,姜文 Wen Jiang,中国大陆,汉语普通话 / 日语 / 唐山话,9.2,537438,0,,gray_zone,0,https://movie.douban.com/subject/1291858/
3732547,我不要你管,2001,胡庶,中国大陆,普通话/国语 / 方言,6.8,201,0,,gray_zone,0,https://movie.douban.com/subject/3732547/
2330657,凤冠情事,2003,杨凡,中国大陆,普通话/国语 / 苏州话,7.9,344,0,,gray_zone,0,https://movie.douban.com/subject/2330657/
3531098,庙街公主,2003,朱澄丰,中国香港,普通话/国语 / 粤语,6.3,117,0,,gray_zone,0,https://movie.douban.com/subject/3531098/
4899555,我的麻烦老友,2003,叶伟英 / 张珮诗,中国香港,普通话/国语 / 粤语,5.6,110,0,,gray_zone,0,https://movie.douban.com/subject/4899555/
1306351,给我一支猫,2003,吴米森,中国台湾,汉语普通话 / 日语 / 粤语,6.7,384,0,,gray_zone,0,https://movie.douban.com/subject/1306351/
2990256,天降横财心惊惊,2004,,中国香港,普通话/国语 / 粤语,7.4,126,0,,gray_zone,0,https://movie.douban.com/subject/2990256/
1401205,七剑,2005,徐克,中国香港 / 中国大陆 / 韩国,汉语普通话 / 韩语 / 粤语,6.0,60316,0,,gray_zone,0,https://movie.douban.com/subject/1401205/
3732179,卡布奇诺,2005,午马 / 孔刚,中国香港,普通话/国语 / 粤语,2.5,125,0,,gray_zone,0,https://movie.douban.com/subject/3732179/
2330117,龙眼粥,2005,张国甫,中国台湾,汉语普通话 / 英语 / 粤语,5.7,173,0,,gray_zone,0,https://movie.douban.com/subject/2330117/
4258506,在那里,2007,贾樟柯,中国大陆,普通话/国语 / 粤语,4.9,489,0,,gray_zone,0,https://movie.douban.com/subject/4258506/
4323362,坑,2007,牟晨玮,中国大陆,汉语普通话 / 日语 / 唐山方言,7.2,130,0,,gray_zone,0,https://movie.douban.com/subject/4323362/
3193464,爱的面包魂,2007,高炳權,中国台湾,普通话/国语 / 閩南語,7.2,118,0,,gray_zone,0,https://movie.douban.com/subject/3193464/
3773973,移动之外,2007,祝捷,中国大陆,普通话/国语 / 粤语，台语，四川话,6.4,179,0,,gray_zone,0,https://movie.douban.com/subject/3773973/
3773980,红谷子,2007,林稚沾,中国大陆,普通话/国语 / 云南方言,7.3,103,0,,gray_zone,0,https://movie.douban.com/subject/3773980/
3230462,女人不坏,2008,徐克,中国大陆 / 中国香港,汉语普通话 / 韩语 / 乌兹别克语,6.0,129121,0,,gray_zone,0,https://movie.douban.com/subject/3230462/
3130172,恋人路上,2008,曾翠珊,中国香港,普通话/国语 / 粤语,7.0,104,0,,gray_zone,0,https://movie.douban.com/subject/3130172/
3632550,现实是过去的未来,2008,黄伟凯,中国大陆,普通话/国语 / 粤语,7.6,683,0,,gray_zone,0,https://movie.douban.com/subject/3632550/
3032852,黑道之无悔今生,2008,梁鸿华,中国香港,普通话/国语 / 粤语,6.2,136,0,,gray_zone,0,https://movie.douban.com/subject/3032852/
3732806,羊肉泡馍麻辣烫,2009,蒲剑,中国大陆,普通话/国语 / 四川话,5.6,201,0,,gray_zone,0,https://movie.douban.com/subject/3732806/
4135765,那时年纪小,2009,滕丛丛,中国大陆,普通话/国语 / 山东方言,6.5,112,0,,gray_zone,0,https://movie.douban.com/subject/4135765/
4323370,寻欢作乐,2010,赵大勇,中国大陆,普通话/国语 / 粤语,6.9,205,0,,gray_zone,0,https://movie.douban.com/subject/4323370/
5279627,胡辣汤,2010,韩万峰,中国大陆,普通话/国语 / 河南周口话,6.4,155,0,,gray_zone,0,https://movie.douban.com/subject/5279627/
6062731,亲密敌人,2011,徐静蕾,中国大陆,汉语普通话 / 英语 / 粤语,5.6,60990,0,,gray_zone,0,https://movie.douban.com/subject/6062731/
5294344,出轨的女人,2011,潘源良,中国香港,普通话/国语 / 粤语,5.8,19092,0,,gray_zone,0,https://movie.douban.com/subject/5294344/
6894068,宅男电台,2011,程亮 Liang Cheng,中国大陆,汉语普通话 / 日语 / 上海话,7.1,13320,0,,gray_zone,0,https://movie.douban.com/subject/6894068/
4116937,西藏往事,2011,戴玮,中国大陆,汉语普通话 / 英语 / 藏语,6.5,3482,0,,gray_zone,1,https://movie.douban.com/subject/4116937/
4841182,云上太阳,2012,丑丑,中国大陆,汉语普通话 / 法语 / 少数民族语,6.5,530,0,,gray_zone,0,https://movie.douban.com/subject/4841182/
6869395,低俗喜剧,2012,彭浩翔,中国香港,汉语普通话 / 粤语,6.4,65237,0,E2+E4+N1,gray_zone,0,https://movie.douban.com/subject/6869395/
24891524,5月天诺亚方舟,2013,刘名峰,中国台湾,汉语普通话 / 英语 / 闽南语,8.5,19768,0,,gray_zone,0,https://movie.douban.com/subject/24891524/
10574468,北京遇上西雅图,2013,薛晓路,中国大陆 / 中国香港,汉语普通话 / 英语 / 闽南语,7.3,547244,0,,gray_zone,0,https://movie.douban.com/subject/10574468/
26831256,2015湖南卫视跨年演唱会,2014,,中国大陆,汉语普通话 / 英语 / 粤语 / 韩语,7.4,328,0,,gray_zone,0,https://movie.douban.com/subject/26831256/
25805741,后会无期,2014,韩寒,中国大陆,汉语普通话 / 手语 / 粤语,7.2,568548,0,,gray_zone,0,https://movie.douban.com/subject/25805741/
3824672,听说,2015,郑芬芬,中国台湾,汉语普通话 / 台湾手语 / 闽南语,8.1,365028,0,,gray_zone,0,https://movie.douban.com/subject/3824672/
3077412,寻龙诀,2015,乌尔善,中国大陆 / 中国香港,汉语普通话 / 英语 / 蒙古语 / 日语,7.4,554897,0,,gray_zone,0,https://movie.douban.com/subject/3077412/
25896040,搏击迷城,2015,陈丽英,中国大陆 / 中国香港,汉语普通话 / 日语 / 粤语,4.2,1316,0,,gray_zone,0,https://movie.douban.com/subject/25896040/
25746414,暴走神探,2015,罗卓瑶,中国大陆 / 中国香港,汉语普通话 / 英语 / 上海话,5.4,15078,0,,gray_zone,0,https://movie.douban.com/subject/25746414/
25895276,煎饼侠,2015,大鹏,中国大陆,汉语普通话 / 英语 / 粤语,5.8,352083,0,,gray_zone,0,https://movie.douban.com/subject/25895276/
26322792,北京遇上西雅图之不二情书,2016,薛晓路,中国大陆 / 中国香港,汉语普通话 / 英语 / 粤语,6.4,237058,0,,gray_zone,0,https://movie.douban.com/subject/26322792/
4078592,上海王,2017,胡雪桦,中国大陆,汉语普通话 / 英语 / 上海话 / 日语,4.8,8615,0,,gray_zone,0,https://movie.douban.com/subject/4078592/
26647876,地球：神奇的一天,2017,理查德·戴尔 / 彼得·韦柏 / 范立欣,中国大陆 / 英国,汉语普通话 / 英语 / 粤语,8.1,15905,0,,gray_zone,0,https://movie.douban.com/subject/26647876/
27063404,壬午渝汐,2017,王博伦,中国大陆,汉语普通话 / 德语 / 重庆方言 / 日语,6.8,242,0,,gray_zone,0,https://movie.douban.com/subject/27063404/
26731242,接线员,2017,卢谨明,中国台湾 / 英国,汉语普通话 / 英语 / 闽南语,6.1,567,0,,gray_zone,0,https://movie.douban.com/subject/26731242/
25727544,寻找罗麦,2018,王超,中国大陆 / 法国,汉语普通话 / 英语 / 藏语 / 法语,4.2,6111,0,,gray_zone,0,https://movie.douban.com/subject/25727544/
26605028,幸福路上,2018,宋欣颖,中国台湾,汉语普通话 / 英语 / 闽南语,7.6,5486,0,,gray_zone,0,https://movie.douban.com/subject/26605028/
26752088,我不是药神,2018,文牧野,中国大陆,汉语普通话 / 英语 / 上海话 / 印地语,9.0,1828478,0,,gray_zone,0,https://movie.douban.com/subject/26752088/
26718797,上海王2,2020,胡雪桦,中国大陆,汉语普通话 / 英语 / 上海话 / 日语,3.8,1943,0,,gray_zone,0,https://movie.douban.com/subject/26718797/
33408026,刻在你心底的名字,2020,柳广辉,中国台湾,汉语普通话 / 英语 / 闽南语,7.3,90748,0,,gray_zone,0,https://movie.douban.com/subject/33408026/
35000216,武汉战疫纪,2020,葛云飞,中国大陆,汉语普通话 / 英语 / 武汉话,8.3,610,0,,gray_zone,0,https://movie.douban.com/subject/35000216/
33464837,蓝色防线,2020,尚昌仪 / 周德新 / 刘欣,中国大陆,汉语普通话 / 英语 / 河南方言 / 努维尔语,8.6,7285,0,,gray_zone,0,https://movie.douban.com/subject/33464837/
1297418,麻将,1996,杨德昌,中国台湾,汉语普通话 / 英语 / 法语 / 闽南语,8.6,36029,-1,N2,gray_zone,0,https://movie.douban.com/subject/1297418/
1871738,黑眼圈,2007,蔡明亮,中国台湾 / 法国 / 奥地利 / 马来西亚,汉语普通话 / 马来语 / 孟加拉语 / 台语,7.4,3505,-1,N2,gray_zone,0,https://movie.douban.com/subject/1871738/
5268638,追踪章鱼保罗,2010,小江 / 李凯 / 张扬,中国大陆,汉语普通话 / 英语 / 德语 / 粤语,3.6,1064,-1,N2,gray_zone,0,https://movie.douban.com/subject/5268638/
4237863,一场风花雪月的事,2013,高群书,中国大陆,汉语普通话 / 英语 / 韩语 / 日语 / 粤语 / 意大利语,4.5,28185,-1,N2,gray_zone,0,https://movie.douban.com/subject/4237863/
24879858,分手大师,2014,俞白眉 / 邓超,中国大陆,汉语普通话 / 克里奥尔语 / 英语 / 日语 / 上海话,5.1,303970,-1,N2,gray_zone,0,https://movie.douban.com/subject/24879858/
25755645,老男孩猛龙过江,2014,肖央,中国大陆,汉语普通话 / 英语 / 韩语 / 山东方言 / 意大利语,5.7,126716,-1,N2,gray_zone,0,https://movie.douban.com/subject/25755645/
26263443,恋爱中的城市,2015,文牧野 / 董润年 / 韩轶 / 傅天余 / 冀佳彤,中国大陆,汉语普通话 / 法语 / 捷克语 / 日语 / 意大利语 / 英语 / 上海话,5.7,36511,-1,N2,gray_zone,0,https://movie.douban.com/subject/26263443/
26335498,狼踪,2015,汪大纬,中国大陆,汉语普通话 / 英语 / 法语 / 蒙古语,8.0,238,-1,N2,gray_zone,0,https://movie.douban.com/subject/26335498/
26698897,唐人街探案2,2018,陈思诚,中国大陆,汉语普通话 / 英语 / 日语 / 粤语,6.6,827600,-1,N2,gray_zone,0,https://movie.douban.com/subject/26698897/
26861685,红海行动,2018,林超贤,中国大陆 / 中国香港,汉语普通话 / 阿拉伯语 / 英语 / 索马里语 / 粤语,8.2,939139,-1,N2,gray_zone,0,https://movie.douban.com/subject/26861685/
1306890,报仇,1970,张彻,中国香港,汉语普通话 / 粤语,7.8,3188,-2,E2+N1,exclude,0,https://movie.douban.com/subject/1306890/
1307577,唐山大兄,1971,罗维 / 吴家骧,中国香港,汉语普通话 / 粤语,7.8,20643,-2,E2+N1,exclude,0,https://movie.douban.com/subject/1307577/
4204168,山东响马,1972,黄枫,中国香港,汉语普通话 / 粤语,5.8,159,-2,E2+N1,exclude,0,https://movie.douban.com/subject/4204168/
1294079,广东小老虎,1973,金鑫 / 魏海峰,中国香港,汉语普通话 / 粤语,5.9,975,-2,E2+N1,exclude,0,https://movie.douban.com/subject/1294079/
1304134,李小龙与我,1976,罗马,中国香港,汉语普通话 / 粤语,4.3,759,-2,E2+N1,exclude,0,https://movie.douban.com/subject/1304134/
4176123,床上的故事,1977,张森,中国香港,汉语普通话 / 粤语,6.1,108,-2,E2+N1,exclude,0,https://movie.douban.com/subject/4176123/
1306757,铁马骝,1977,陈观泰,中国香港 / 中国台湾,汉语普通话 / 粤语,7.0,165,-2,E2+N1,exclude,0,https://movie.douban.com/subject/1306757/
1305608,冷血十三鹰,1978,孙仲,中国香港,汉语普通话 / 粤语,7.2,2229,-2,E2+N1,exclude,0,https://movie.douban.com/subject/1305608/
1390006,少林三十六房,1978,刘家良,中国香港,汉语普通话 / 粤语,7.6,6990,-2,E2+N1,exclude,0,https://movie.douban.com/subject/1390006/
2072115,孔雀王朝,1979,楚原,中国香港,汉语普通话 / 粤语,6.3,1148,-2,E2+N1,exclude,0,https://movie.douban.com/subject/2072115/
3032531,少林英雄,1980,午马,中国台湾 / 中国香港,汉语普通话 / 粤语,7.3,339,-2,E2+N1,exclude,0,https://movie.douban.com/subject/3032531/
1307396,男与女,1983,蔡继光,中国香港,汉语普通话 / 粤语,7.2,3031,-2,E2+N1,exclude,0,https://movie.douban.com/subject/1307396/
1302191,迷你特攻队,1983,朱延平,中国台湾 / 中国香港,汉语普通话 / 粤语,5.3,1352,-2,E2+N1,exclude,0,https://movie.douban.com/subject/1302191/
2063034,追鬼七雄,1983,于仁泰,中国香港,汉语普通话 / 粤语,6.3,2720,-2,E2+N1,exclude,0,https://movie.douban.com/subject/2063034/
5394414,武僧,1984,张旗 / 金正勇 / 崔东俊,中国香港,汉语普通话 / 粤语,6.7,129,-2,E2+N1,exclude,0,https://movie.douban.com/subject/5394414/
26733931,唐朝艳妃,1985,吴家骏,中国香港,汉语普通话 / 粤语,4.4,115,-2,E2+N1,exclude,0,https://movie.douban.com/subject/26733931/
1307414,大上海1937,1986,张彻,中国香港 / 中国大陆,汉语普通话 / 粤语,7.3,1837,-2,E2+N1,exclude,0,https://movie.douban.com/subject/1307414/
6025221,雪在烧,1988,谭家明,中国香港,汉语普通话 / 粤语,6.2,327,-2,E2+N1,exclude,0,https://movie.douban.com/subject/6025221/
1813498,猛鬼舞厅,1989,唐伟成,中国香港,国语 / 粤语,5.3,586,-2,E2+N1,exclude,0,https://movie.douban.com/subject/1813498/
3093331,出土奇兵,1990,秦煌,中国香港,汉语普通话 / 粤语,5.0,535,-2,E2+N1,exclude,0,https://movie.douban.com/subject/3093331/
1300082,古今大战秦俑情,1990,程小东,中国香港 / 中国大陆,汉语普通话 / 粤语,7.0,44176,-2,E2+N1,exclude,0,https://movie.douban.com/subject/1300082/
2993343,江湖奇兵,1990,张彻,中国香港 / 中国大陆,汉语普通话 / 粤语,6.9,495,-2,E2+N1,exclude,0,https://movie.douban.com/subject/2993343/
3033762,九天玄女,1991,黎俊杰,中国大陆 / 中国香港,汉语普通话 / 粤语,6.1,305,-2,E2+N1,exclude,0,https://movie.douban.com/subject/3033762/
2298840,千人斩,1991,丁善玺,中国台湾 / 中国香港,汉语普通话 / 粤语,6.3,2790,-2,E2+N1,exclude,0,https://movie.douban.com/subject/2298840/
3264599,杀入地狱,1991,狄威,中国台湾 / 中国香港,汉语普通话 / 粤语,6.3,139,-2,E2+N1,exclude,0,https://movie.douban.com/subject/3264599/
2043796,联手警探,1991,郭宝昌,中国大陆 / 中国香港,汉语普通话 / 粤语,6.6,274,-2,E2+N1,exclude,0,https://movie.douban.com/subject/2043796/
1986026,赌豪,1991,沈大威,中国香港,汉语普通话 / 粤语,4.8,397,-2,E2+N1,exclude,0,https://movie.douban.com/subject/1986026/
11226063,赌魂,1992,程刚,中国香港,汉语普通话 / 粤语,5.8,110,-2,E2+N1,exclude,0,https://movie.douban.com/subject/11226063/
2368619,黄飞鸿系列之一代宗师,1992,李钊,中国香港,汉语普通话 / 粤语,5.8,685,-2,E2+N1,exclude,0,https://movie.douban.com/subject/2368619/
1302582,一代枭雄之三支旗,1993,黄泰来,中国香港,汉语普通话 / 粤语,6.4,1741,-2,E2+N1,exclude,0,https://movie.douban.com/subject/1302582/
1461031,七侠五义之五鼠闹东京,1993,陈木川,中国香港,汉语普通话 / 粤语,6.2,2916,-2,E2+N1,exclude,0,https://movie.douban.com/subject/1461031/
23594235,欲海花,1993,叶庆辉,中国香港,汉语普通话 / 粤语,4.6,122,-2,E2+N1,exclude,0,https://movie.douban.com/subject/23594235/
3057356,湘西尸王,1993,袁祥仁,中国香港,汉语普通话 / 粤语,5.1,223,-2,E2+N1,exclude,0,https://movie.douban.com/subject/3057356/
1307739,国产凌凌漆,1994,李力持 / 周星驰,中国香港,汉语普通话 / 粤语,8.4,349326,-2,E2+N1,exclude,0,https://movie.douban.com/subject/1307739/
4862570,新报仇,1994,庄胤建,中国大陆 / 中国香港,汉语普通话 / 粤语,6.0,153,-2,E2+N1,exclude,0,https://movie.douban.com/subject/4862570/
1401962,刀,1995,徐克,中国香港 / 中国大陆,汉语普通话 / 粤语,8.1,37028,-2,E2+N1,exclude,0,https://movie.douban.com/subject/1401962/
3425510,喋血柔情,1995,高飞 / 张弛,中国台湾 / 中国香港 / 菲律宾,汉语普通话 / 粤语,5.5,136,-2,E2+N1,exclude,0,https://movie.douban.com/subject/3425510/
1308162,女人，四十,1995,许鞍华,中国香港,汉语普通话 / 粤语,8.9,39646,-2,E2+N1,exclude,0,https://movie.douban.com/subject/1308162/
5686277,小鬼奇兵,1995,蓝海瀚,中国香港,汉语普通话 / 粤语,6.7,110,-2,E2+N1,exclude,0,https://movie.douban.com/subject/5686277/
1432773,人约黄昏,1996,陈逸飞,中国大陆 / 中国香港,汉语普通话 / 粤语,7.2,1443,-2,E2+N1,exclude,0,https://movie.douban.com/subject/1432773/
3047748,凤舞九天,1996,陈木川,中国香港,汉语普通话 / 粤语,6.5,304,-2,E2+N1,exclude,0,https://movie.douban.com/subject/3047748/
3005789,新喋血双雄,1996,霍耀良,中国香港,汉语普通话 / 粤语,5.6,310,-2,E2+N1,exclude,0,https://movie.douban.com/subject/3005789/
4808545,暴劫倾情,1996,梁本熙,中国香港,汉语普通话 / 粤语,6.3,1718,-2,E2+N1,exclude,0,https://movie.douban.com/subject/4808545/
1582251,重庆爱情感觉,1996,朱延平,中国台湾 / 中国香港,汉语普通话 / 粤语,6.4,823,-2,E2+N1,exclude,0,https://movie.douban.com/subject/1582251/
1293110,铁马骝II之街头杀手,1996,井岗 / 赵鹭江,中国香港 / 中国大陆,汉语普通话 / 粤语,5.7,2123,-2,E2+N1,exclude,0,https://movie.douban.com/subject/1293110/
1419904,龙在少林,1996,朱延平,中国香港 / 中国台湾,汉语普通话 / 粤语,6.9,19218,-2,E2+N1,exclude,0,https://movie.douban.com/subject/1419904/
1482363,火烧岛之横行霸道,1997,朱延平,中国台湾 / 中国香港,汉语普通话 / 粤语,6.6,1193,-2,E2+N1,exclude,0,https://movie.douban.com/subject/1482363/
3211018,超级无敌追女仔II之狗仔雄心,1997,曹建南,中国香港,汉语普通话 / 粤语,5.4,701,-2,E2+N1,exclude,0,https://movie.douban.com/subject/3211018/
1305955,猎豹行动,1998,徐宝华 / Ishii Hisatoshi,中国香港,汉语普通话 / 粤语,4.6,209,-2,E2+N1,exclude,0,https://movie.douban.com/subject/1305955/
1304732,天上人间,1999,余力为,中国香港,汉语普通话 / 粤语,6.2,1811,-2,E2+N1,exclude,0,https://movie.douban.com/subject/1304732/
1308384,爱情梦幻号,1999,邱礼涛,中国大陆 / 中国香港,汉语普通话 / 粤语,5.8,13432,-2,E2+N1,exclude,0,https://movie.douban.com/subject/1308384/
3210954,监狱风云之少年犯,1999,郑伟文,中国香港,汉语普通话 / 粤语,5.7,845,-2,E2+N1,exclude,0,https://movie.douban.com/subject/3210954/
3155686,自杀前14天,1999,黄家辉,中国香港,汉语普通话 / 粤语,6.0,478,-2,E2+N1,exclude,0,https://movie.douban.com/subject/3155686/
1307868,决战紫禁之巅,2000,刘伟强,中国大陆 / 中国香港,汉语普通话 / 粤语,5.9,49309,-2,E2+N1,exclude,0,https://movie.douban.com/subject/1307868/
3732138,冷战,2000,梁家仁,中国香港,汉语普通话 / 粤语,4.8,128,-2,E2+N1,exclude,0,https://movie.douban.com/subject/3732138/
1307906,孤男寡女,2000,杜琪峰 / 韦家辉,中国香港,汉语普通话 / 粤语,6.9,48242,-2,E2+N1,exclude,0,https://movie.douban.com/subject/1307906/
1307681,榴莲飘飘,2000,陈果,中国大陆 / 中国香港 / 法国,汉语普通话 / 粤语,7.7,33081,-2,E2+N1,exclude,0,https://movie.douban.com/subject/1307681/
2139764,烟飞烟灭,2000,张国荣,中国香港,汉语普通话 / 粤语,8.3,9843,-2,E2+N1,exclude,0,https://movie.douban.com/subject/2139764/
1308385,野兽童党,2000,刘孝伟,中国香港,汉语普通话 / 粤语,5.0,169,-2,E2+N1,exclude,0,https://movie.douban.com/subject/1308385/
1308338,蜀山传,2001,徐克,中国大陆 / 中国香港,汉语普通话 / 粤语,6.8,76024,-2,E2+N1,exclude,0,https://movie.douban.com/subject/1308338/
1301968,变脸迷情,2002,钟少雄,中国香港,汉语普通话 / 粤语,5.7,2040,-2,E2+N1,exclude,0,https://movie.douban.com/subject/1301968/
3892489,少年赌圣,2002,李炳光,中国香港,汉语普通话 / 粤语,3.7,354,-2,E2+N1,exclude,0,https://movie.douban.com/subject/3892489/
4018185,绝密档案：迷失世界,2002,何志恒,中国香港,汉语普通话 / 粤语,5.8,102,-2,E2+N1,exclude,0,https://movie.douban.com/subject/4018185/
1308748,地下铁,2003,马伟豪,中国大陆 / 中国香港 / 中国台湾,汉语普通话 / 粤语,6.4,39419,-2,E2+N1,exclude,0,https://movie.douban.com/subject/1308748/
2990254,天使死神,2003,梁鸿华,中国香港,汉语普通话 / 粤语,5.2,115,-2,E2+N1,exclude,0,https://movie.douban.com/subject/2990254/
1302769,失忆界女王,2003,马楚成,中国大陆 / 中国香港,汉语普通话 / 粤语,6.2,28648,-2,E2+N1,exclude,0,https://movie.douban.com/subject/1302769/
1307694,无间道3：终极无间,2003,刘伟强 / 麦兆辉,中国大陆 / 中国香港,汉语普通话 / 粤语,8.1,290670,-2,E2+N1,exclude,0,https://movie.douban.com/subject/1307694/
1305926,炮制女朋友,2003,叶伟民,中国大陆 / 中国香港,汉语普通话 / 粤语,4.6,21256,-2,E2+N1,exclude,0,https://movie.douban.com/subject/1305926/
3798935,爱在阳光下,2003,刘德华,中国香港,汉语普通话 / 粤语,8.1,2922,-2,E2+N1,exclude,0,https://movie.douban.com/subject/3798935/
1310174,20 30 40,2004,张艾嘉,中国香港 / 中国台湾 / 日本,汉语普通话 / 粤语,7.3,56213,-2,E2+N1,exclude,0,https://movie.douban.com/subject/1310174/
1307781,大城小事,2004,叶伟信,中国大陆 / 中国香港,汉语普通话 / 粤语,6.3,29099,-2,E2+N1,exclude,0,https://movie.douban.com/subject/1307781/
1418919,饺子,2004,陈果,中国香港,汉语普通话 / 粤语,6.7,45544,-2,E2+N1,exclude,0,https://movie.douban.com/subject/1418919/
1309018,做头,2005,江澄,中国大陆 / 中国香港,汉语普通话 / 粤语,5.3,15835,-2,E2+N1,exclude,0,https://movie.douban.com/subject/1309018/
1433232,再说一次我爱你,2005,余伟国 / 李公乐,中国大陆 / 中国香港,汉语普通话 / 粤语,6.2,24496,-2,E2+N1,exclude,0,https://movie.douban.com/subject/1433232/
1419581,千杯不醉,2005,尔冬升,中国大陆 / 中国香港,汉语普通话 / 粤语,6.3,36236,-2,E2+N1,exclude,0,https://movie.douban.com/subject/1419581/
1458862,妃子笑,2005,郑伟文,中国大陆 / 中国香港,汉语普通话 / 粤语,5.4,8760,-2,E2+N1,exclude,0,https://movie.douban.com/subject/1458862/
24704087,新倾国倾城,2005,曼克顿,中国香港,汉语普通话 / 粤语,3.7,184,-2,E2+N1,exclude,0,https://movie.douban.com/subject/24704087/
1309220,黑社会,2005,杜琪峰,中国香港,汉语普通话 / 粤语,8.3,150984,-2,E2+N1,exclude,0,https://movie.douban.com/subject/1309220/
1765848,天生一对,2006,罗永昌,中国大陆 / 中国香港,汉语普通话 / 粤语,6.1,14665,-2,E2+N1,exclude,0,https://movie.douban.com/subject/1765848/
1859036,宝贝计划,2006,陈木胜,中国香港 / 中国大陆,汉语普通话 / 粤语,7.4,381089,-2,E2+N1,exclude,0,https://movie.douban.com/subject/1859036/
1484760,黑社会2：以和为贵,2006,杜琪峰,中国香港,汉语普通话 / 粤语,8.1,116220,-2,E2+N1,exclude,0,https://movie.douban.com/subject/1484760/
2068109,功夫无敌,2007,叶永健,中国香港,汉语普通话 / 粤语,3.3,1181,-2,E2+N1,exclude,0,https://movie.douban.com/subject/2068109/
2334073,安娜与安娜,2007,林爱华,中国香港 / 新加坡 / 中国,汉语普通话 / 粤语,5.9,4981,-2,E2+N1,exclude,0,https://movie.douban.com/subject/2334073/
1917577,明明,2007,区雪儿,中国大陆 / 中国香港,汉语普通话 / 粤语,4.9,22546,-2,E2+N1,exclude,0,https://movie.douban.com/subject/1917577/
2080133,男儿本色,2007,陈木胜,中国大陆 / 中国香港,汉语普通话 / 粤语,7.0,76999,-2,E2+N1,exclude,0,https://movie.douban.com/subject/2080133/
2080130,老港正传,2007,赵良骏,中国大陆 / 中国香港,汉语普通话 / 粤语,7.1,15191,-2,E2+N1,exclude,0,https://movie.douban.com/subject/2080130/
1866131,铁三角,2007,徐克 / 林岭东 / 杜琪峰,中国大陆 / 中国香港,汉语普通话 / 粤语,6.4,24559,-2,E2+N1,exclude,0,https://movie.douban.com/subject/1866131/
3074307,一半海水一半火焰,2008,刘奋斗,中国香港,汉语普通话 / 粤语,6.6,38707,-2,E2+N1,exclude,0,https://movie.douban.com/subject/3074307/
3166599,亲爱的,2008,叶念琛,中国香港,汉语普通话 / 粤语,6.4,4281,-2,E2+N1,exclude,0,https://movie.douban.com/subject/3166599/
2279586,回家的路,2008,方刚亮,中国大陆 / 中国香港,汉语普通话 / 粤语,5.2,2366,-2,E2+N1,exclude,0,https://movie.douban.com/subject/2279586/
1950525,大灌篮,2008,朱延平,中国大陆 / 中国香港 / 中国台湾,汉语普通话 / 粤语,5.5,134569,-2,E2+N1,exclude,0,https://movie.douban.com/subject/1950525/
2277015,欣月童话,2008,林伟伦,中国香港,汉语普通话 / 粤语,6.5,338,-2,E2+N1,exclude,0,https://movie.douban.com/subject/2277015/
3047989,风云决,2008,林超贤,中国 / 中国香港,汉语普通话 / 粤语,6.9,16272,-2,E2+N1,exclude,0,https://movie.douban.com/subject/3047989/
3197788,完美生活,2009,唐晓白,中国 / 中国香港,汉语普通话 / 粤语,6.5,219,-2,E2+N1,exclude,0,https://movie.douban.com/subject/3197788/
3304014,追影,2009,吴镇宇 / 麦子善,中国 / 中国香港,汉语普通话 / 粤语,4.4,23502,-2,E2+N1,exclude,0,https://movie.douban.com/subject/3304014/
2277018,麦兜响当当,2009,谢立文,中国大陆 / 中国香港,汉语普通话 / 粤语,7.5,100185,-2,E2+N1,exclude,0,https://movie.douban.com/subject/2277018/
3574559,一路有你,2010,赵崇基,中国香港 / 中国,汉语普通话 / 粤语,6.0,14448,-2,E2+N1,exclude,0,https://movie.douban.com/subject/3574559/
4849923,何日君再来,2010,,中国香港 / 中国台湾,汉语普通话 / 粤语,8.9,193,-2,E2+N1,exclude,0,https://movie.douban.com/subject/4849923/
4173583,唐伯虎点秋香2之四大才子,2010,李力持,中国大陆 / 中国香港,汉语普通话 / 粤语,4.0,31328,-2,E2+N1,exclude,0,https://movie.douban.com/subject/4173583/
3329192,未来警察,2010,王晶,中国香港 / 中国台湾,汉语普通话 / 粤语,4.0,48843,-2,E2+N1,exclude,0,https://movie.douban.com/subject/3329192/
4915135,李小龙我的兄弟,2010,文隽 / 叶伟民,中国大陆 / 中国香港,汉语普通话 / 粤语,6.3,7966,-2,E2+N1,exclude,0,https://movie.douban.com/subject/4915135/
3412830,狄仁杰之通天帝国,2010,徐克,中国大陆 / 中国香港,汉语普通话 / 粤语,6.6,251069,-2,E2+N1,exclude,0,https://movie.douban.com/subject/3412830/
4307000,财神到,2010,阮世生,中国大陆 / 中国香港,汉语普通话 / 粤语,5.6,9605,-2,E2+N1,exclude,0,https://movie.douban.com/subject/4307000/
3928370,越光宝盒,2010,刘镇伟,中国大陆 / 中国香港,汉语普通话 / 粤语,5.3,151591,-2,E2+N1,exclude,0,https://movie.douban.com/subject/3928370/
3754946,锦衣卫,2010,李仁港,中国大陆 / 中国香港 / 新加坡,汉语普通话 / 粤语,6.0,133374,-2,E2+N1,exclude,0,https://movie.douban.com/subject/3754946/
4735944,龙凤店,2010,钟澍佳,中国香港 / 中国大陆,汉语普通话 / 粤语,5.0,45643,-2,E2+N1,exclude,0,https://movie.douban.com/subject/4735944/
4728584,不再让你孤单,2011,刘伟强,中国香港 / 中国大陆,汉语普通话 / 粤语,7.0,103675,-2,E2+N1,exclude,0,https://movie.douban.com/subject/4728584/
4821046,关云长,2011,麦兆辉 / 庄文强,中国大陆 / 中国香港,汉语普通话 / 粤语,5.0,85118,-2,E2+N1,exclude,0,https://movie.douban.com/subject/4821046/
4913200,大魔术师,2011,尔冬升,中国大陆 / 中国香港,汉语普通话 / 粤语,6.5,156676,-2,E2+N1,exclude,0,https://movie.douban.com/subject/4913200/
6717575,开心魔法,2011,叶伟信,中国大陆 / 中国香港,汉语普通话 / 粤语,4.4,14920,-2,E2+N1,exclude,0,https://movie.douban.com/subject/6717575/
5975197,无价之宝,2011,姜国民,中国大陆 / 中国香港,汉语普通话 / 粤语,3.7,11340,-2,E2+N1,exclude,0,https://movie.douban.com/subject/5975197/
4824982,杨门女将之军令如山,2011,陈勋奇,中国大陆 / 中国香港,汉语普通话 / 粤语,3.5,22765,-2,E2+N1,exclude,0,https://movie.douban.com/subject/4824982/
5413824,猛男滚死队,2011,王晶,中国香港,汉语普通话 / 粤语,4.4,4553,-2,E2+N1,exclude,0,https://movie.douban.com/subject/5413824/
5924360,竞雄女侠秋瑾,2011,邱礼涛,中国大陆 / 中国香港,汉语普通话 / 粤语,6.4,3503,-2,E2+N1,exclude,0,https://movie.douban.com/subject/5924360/
6773695,笑咏春,2011,蔡力,中国香港,汉语普通话 / 粤语,2.4,705,-2,E2+N1,exclude,0,https://movie.douban.com/subject/6773695/
6013875,算吧啦，老豆！,2011,刘建平 / 许树宁,中国香港,汉语普通话 / 粤语,5.2,865,-2,E2+N1,exclude,0,https://movie.douban.com/subject/6013875/
6080748,紫宅,2011,潘恒生,中国大陆 / 中国香港,汉语普通话 / 粤语,3.4,5888,-2,E2+N1,exclude,0,https://movie.douban.com/subject/6080748/
6013880,蔡李佛,2011,黄明升 / 罗惠德,中国大陆 / 中国香港,汉语普通话 / 粤语,3.7,3668,-2,E2+N1,exclude,0,https://movie.douban.com/subject/6013880/
4892342,蔡李佛拳,2011,程东,中国大陆 / 中国香港,汉语普通话 / 粤语,3.5,2965,-2,E2+N1,exclude,0,https://movie.douban.com/subject/4892342/
4707596,财神客栈,2011,王晶,中国大陆 / 中国香港,汉语普通话 / 粤语,5.3,45978,-2,E2+N1,exclude,0,https://movie.douban.com/subject/4707596/
5294324,隐婚男女,2011,叶念琛,中国大陆 / 中国香港 / 日本,汉语普通话 / 粤语,5.6,48973,-2,E2+N1,exclude,0,https://movie.douban.com/subject/5294324/
5908477,鸿门宴传奇,2011,李仁港,中国大陆 / 中国香港,汉语普通话 / 粤语,6.3,98195,-2,E2+N1,exclude,0,https://movie.douban.com/subject/5908477/
6068517,华丽之后,2012,麦曦茵,中国香港,汉语普通话 / 粤语,5.8,6093,-2,E2+N1,exclude,0,https://movie.douban.com/subject/6068517/
6041191,听风者,2012,麦兆辉 / 庄文强,中国大陆 / 中国香港,汉语普通话 / 粤语,6.9,191347,-2,E2+N1,exclude,0,https://movie.douban.com/subject/6041191/
6124012,四大名捕,2012,陈嘉上 / 秦小珍,中国大陆 / 中国香港,汉语普通话 / 粤语,5.3,108915,-2,E2+N1,exclude,0,https://movie.douban.com/subject/6124012/
10540066,大上海,2012,王晶,中国大陆 / 中国香港,汉语普通话 / 粤语,6.7,82241,-2,E2+N1,exclude,0,https://movie.douban.com/subject/10540066/
6778650,嫁个100分男人,2012,王晶,中国大陆 / 中国香港,汉语普通话 / 粤语,4.0,10547,-2,E2+N1,exclude,0,https://movie.douban.com/subject/6778650/
20429432,我的狗狗我的爱,2012,陈丽英,中国香港 / 中国大陆,汉语普通话 / 粤语,5.7,459,-2,E2+N1,exclude,0,https://movie.douban.com/subject/20429432/
1292287,新龙门客栈,2012,李惠民,中国香港 / 中国大陆,汉语普通话 / 粤语,8.6,384408,-2,E2+N1,exclude,0,https://movie.douban.com/subject/1292287/
6221409,河东狮吼2,2012,马伟豪,中国大陆 / 中国香港,汉语普通话 / 粤语,3.4,30343,-2,E2+N1,exclude,0,https://movie.douban.com/subject/6221409/
10586620,浮城大亨,2012,严浩,中国大陆 / 中国香港,汉语普通话 / 粤语,7.4,22488,-2,E2+N1,exclude,0,https://movie.douban.com/subject/10586620/
5446249,热爱岛,2012,甘国亮,中国大陆 / 中国香港,汉语普通话 / 粤语,3.5,2448,-2,E2+N1,exclude,0,https://movie.douban.com/subject/5446249/
10606939,男人如衣服,2012,谷德昭,中国香港 / 中国大陆,汉语普通话 / 粤语,5.0,9203,-2,E2+N1,exclude,0,https://movie.douban.com/subject/10606939/
6710796,神马都是浮云,2012,陶盟喜,中国大陆 / 中国香港,汉语普通话 / 粤语,3.4,898,-2,E2+N1,exclude,0,https://movie.douban.com/subject/6710796/
10828426,绝色武器,2012,麦子善,中国香港,汉语普通话 / 粤语,4.1,6946,-2,E2+N1,exclude,0,https://movie.douban.com/subject/10828426/
5319819,车手,2012,郑保瑞,中国大陆 / 中国香港,汉语普通话 / 粤语,6.1,29016,-2,E2+N1,exclude,0,https://movie.douban.com/subject/5319819/
5977836,逆战,2012,林超贤,中国香港 / 中国大陆,汉语普通话 / 粤语,6.4,78816,-2,E2+N1,exclude,0,https://movie.douban.com/subject/5977836/
10508879,青魇,2012,邱礼涛,中国大陆 / 中国香港,汉语普通话 / 粤语,6.1,12669,-2,E2+N1,exclude,0,https://movie.douban.com/subject/10508879/
10772258,麦兜·当当伴我心,2012,谢立文,中国大陆 / 中国香港,汉语普通话 / 粤语,8.5,102606,-2,E2+N1,exclude,0,https://movie.douban.com/subject/10772258/
22555690,冲锋战警,2013,罗守耀,中国香港 / 中国大陆,汉语普通话 / 粤语,4.2,4328,-2,E2+N1,exclude,0,https://movie.douban.com/subject/22555690/
10794042,叶问：终极一战,2013,邱礼涛,中国大陆 / 中国香港,汉语普通话 / 粤语,6.2,24361,-2,E2+N1,exclude,0,https://movie.douban.com/subject/10794042/
10617168,同谋,2013,彭顺,中国香港 / 中国大陆,汉语普通话 / 粤语,5.0,18497,-2,E2+N1,exclude,0,https://movie.douban.com/subject/10617168/
10600271,圣诞玫瑰,2013,杨采妮,中国大陆 / 中国香港,汉语普通话 / 粤语,6.1,34687,-2,E2+N1,exclude,0,https://movie.douban.com/subject/10600271/
10736586,在一起,2013,霍耀良,中国香港 / 中国大陆,汉语普通话 / 粤语,3.7,25845,-2,E2+N1,exclude,0,https://movie.douban.com/subject/10736586/
5996799,忠烈杨家将,2013,于仁泰,中国大陆 / 中国香港,汉语普通话 / 粤语,6.2,31523,-2,E2+N1,exclude,0,https://movie.douban.com/subject/5996799/
10604087,控制,2013,毕国智,中国香港 / 中国大陆,汉语普通话 / 粤语,5.8,24726,-2,E2+N1,exclude,0,https://movie.douban.com/subject/10604087/
11604102,暗恋99天,2013,火火,中国香港,汉语普通话 / 粤语,5.7,9633,-2,E2+N1,exclude,0,https://movie.douban.com/subject/11604102/
10344754,毒战,2013,杜琪峰,中国大陆 / 中国香港,汉语普通话 / 粤语,7.5,198800,-2,E2+N1,exclude,0,https://movie.douban.com/subject/10344754/
21248460,王牌情敌,2013,钟澍佳,中国香港,汉语普通话 / 粤语,5.6,6655,-2,E2+N1,exclude,0,https://movie.douban.com/subject/21248460/
20472857,百星酒店,2013,谷德昭,中国大陆 / 中国香港,汉语普通话 / 粤语,5.7,21351,-2,E2+N1,exclude,0,https://movie.douban.com/subject/20472857/
6984061,笑功震武林,2013,王晶 / 姜国民,中国大陆 / 中国香港,汉语普通话 / 粤语,4.7,18870,-2,E2+N1,exclude,0,https://movie.douban.com/subject/6984061/
5308265,西游降魔篇,2013,周星驰 / 郭子健,中国大陆 / 中国香港,汉语普通话 / 粤语,7.2,566154,-2,E2+N1,exclude,0,https://movie.douban.com/subject/5308265/
20254219,超级经纪人,2013,冯志强,中国香港 / 中国大陆,汉语普通话 / 粤语,4.8,12285,-2,E2+N1,exclude,0,https://movie.douban.com/subject/20254219/
10763157,逃出生天,2013,彭发 / 彭顺,中国香港 / 中国大陆,汉语普通话 / 粤语,6.7,45040,-2,E2+N1,exclude,0,https://movie.douban.com/subject/10763157/
20388198,风暴,2013,袁锦麟,中国香港 / 中国大陆,汉语普通话 / 粤语,6.5,103502,-2,E2+N1,exclude,0,https://movie.douban.com/subject/20388198/
24695277,一个人的武林,2014,陈德森,中国大陆 / 中国香港,汉语普通话 / 粤语,6.6,82368,-2,E2+N1,exclude,0,https://movie.douban.com/subject/24695277/
25824852,不再说分手,2014,郑丹瑞,中国香港 / 中国大陆,汉语普通话 / 粤语,5.8,5552,-2,E2+N1,exclude,0,https://movie.douban.com/subject/25824852/
25831326,临时同居,2014,卓韵芝,中国香港 / 中国大陆,汉语普通话 / 粤语,5.1,35623,-2,E2+N1,exclude,0,https://movie.douban.com/subject/25831326/
24736526,人间·小团圆,2014,彭浩翔,中国香港 / 中国大陆,汉语普通话 / 粤语,5.5,65162,-2,E2+N1,exclude,0,https://movie.douban.com/subject/24736526/
25728590,六福喜事,2014,谷德昭,中国大陆 / 中国香港,汉语普通话 / 粤语,5.3,35310,-2,E2+N1,exclude,0,https://movie.douban.com/subject/25728590/
21359619,单身男女2,2014,杜琪峰,中国香港 / 中国大陆,汉语普通话 / 粤语,5.5,100173,-2,E2+N1,exclude,0,https://movie.douban.com/subject/21359619/
25792690,反贪风暴,2014,林德禄,中国香港 / 中国大陆,汉语普通话 / 粤语,6.1,65516,-2,E2+N1,exclude,0,https://movie.douban.com/subject/25792690/
10604893,四大名捕大结局,2014,陈嘉上 / 秦小珍,中国大陆 / 中国香港,汉语普通话 / 粤语,5.1,54839,-2,E2+N1,exclude,0,https://movie.douban.com/subject/10604893/
4913222,大话天仙,2014,刘镇伟,中国大陆 / 中国香港,汉语普通话 / 粤语,3.4,30716,-2,E2+N1,exclude,0,https://movie.douban.com/subject/4913222/
25815841,林中小屋,2014,邓特希,中国大陆 / 中国香港,汉语普通话 / 粤语,2.8,2224,-2,E2+N1,exclude,0,https://movie.douban.com/subject/25815841/
25810920,潜龙风云,2014,李保樟,中国香港 / 中国大陆,汉语普通话 / 粤语,5.5,6564,-2,E2+N1,exclude,0,https://movie.douban.com/subject/25810920/
25824741,男人不可以穷,2014,钟澍佳,中国香港 / 中国大陆,汉语普通话 / 粤语,6.0,28498,-2,E2+N1,exclude,0,https://movie.douban.com/subject/25824741/
10807916,白发魔女传之明月天国,2014,张之亮,中国大陆 / 中国香港,汉语普通话 / 粤语,3.8,75610,-2,E2+N1,exclude,0,https://movie.douban.com/subject/10807916/
22300822,百变爱人,2014,叶念琛,中国香港 / 中国大陆,汉语普通话 / 粤语,4.5,4525,-2,E2+N1,exclude,0,https://movie.douban.com/subject/22300822/
25713336,盗马记,2014,李志毅,中国大陆 / 中国香港,汉语普通话 / 粤语,5.0,17109,-2,E2+N1,exclude,0,https://movie.douban.com/subject/25713336/
10726941,窃听风云3,2014,麦兆辉 / 庄文强,中国香港 / 中国大陆,汉语普通话 / 粤语,6.4,151490,-2,E2+N1,exclude,0,https://movie.douban.com/subject/10726941/
25962681,精武青春,2014,邱礼涛,中国香港 / 中国大陆,汉语普通话 / 粤语,3.6,795,-2,E2+N1,exclude,0,https://movie.douban.com/subject/25962681/
25758705,缘来是游戏,2014,陈勋奇,中国大陆 / 中国香港,汉语普通话 / 粤语,3.9,1186,-2,E2+N1,exclude,0,https://movie.douban.com/subject/25758705/
5317291,西游记之大闹天宫,2014,郑保瑞,中国大陆 / 中国香港,汉语普通话 / 粤语,4.4,133351,-2,E2+N1,exclude,0,https://movie.douban.com/subject/5317291/
25728734,非狐外传,2014,钱升玮,中国大陆 / 中国香港,汉语普通话 / 粤语,3.3,9511,-2,E2+N1,exclude,0,https://movie.douban.com/subject/25728734/
20515977,魔警,2014,林超贤,中国香港 / 中国大陆,汉语普通话 / 粤语,6.0,59187,-2,E2+N1,exclude,0,https://movie.douban.com/subject/20515977/
25884416,麦兜·我和我妈妈,2014,谢立文 / 李俊民,中国香港 / 中国大陆,汉语普通话 / 粤语,8.5,66992,-2,E2+N1,exclude,0,https://movie.douban.com/subject/25884416/
25444447,黄飞鸿之英雄有梦,2014,周显扬,中国大陆 / 中国香港 / 英国,汉语普通话 / 粤语,5.6,74568,-2,E2+N1,exclude,0,https://movie.douban.com/subject/25444447/
26331947,他们在岛屿写作：我城,2015,陈果,中国香港,汉语普通话 / 粤语,8.5,763,-2,E2+N1,exclude,0,https://movie.douban.com/subject/26331947/
25824853,全力扣杀,2015,郭子健 / 黄智亨,中国香港 / 中国大陆,汉语普通话 / 粤语,4.8,2598,-2,E2+N1,exclude,0,https://movie.douban.com/subject/25824853/
7003416,冲上云霄 衝上雲霄,2015,叶伟信 / 邹凯光,中国香港 / 中国大陆,汉语普通话 / 粤语,4.5,48643,-2,E2+N1,exclude,0,https://movie.douban.com/subject/7003416/
25975323,十月初五的月光,2015,叶念琛,中国大陆 / 中国香港,汉语普通话 / 粤语,5.5,17130,-2,E2+N1,exclude,0,https://movie.douban.com/subject/25975323/
25745786,午夜43路,2015,杜玉贞,中国香港,汉语普通话 / 粤语,4.7,2494,-2,E2+N1,exclude,0,https://movie.douban.com/subject/25745786/
25870236,可爱的你,2015,关信辉,中国香港 / 中国大陆,汉语普通话 / 粤语,7.9,42507,-2,E2+N1,exclude,0,https://movie.douban.com/subject/25870236/
26301735,吉星高照2015,2015,晴朗,中国香港 / 中国大陆 / 中国台湾,汉语普通话 / 粤语,3.3,2807,-2,E2+N1,exclude,0,https://movie.douban.com/subject/26301735/
25932073,妈咪侠,2015,高志森,中国香港 / 中国大陆,汉语普通话 / 粤语,6.1,1060,-2,E2+N1,exclude,0,https://movie.douban.com/subject/25932073/
25742299,暴疯语,2015,李光耀,中国大陆 / 中国香港,汉语普通话 / 粤语,5.9,39157,-2,E2+N1,exclude,0,https://movie.douban.com/subject/25742299/
22556810,猛龙特囧,2015,胡耀辉,中国香港 / 中国大陆,汉语普通话 / 粤语,4.4,3288,-2,E2+N1,exclude,0,https://movie.douban.com/subject/22556810/
26263437,神探驾到,2015,黄百鸣 / 邱礼涛,中国香港 / 中国大陆,汉语普通话 / 粤语,4.4,15332,-2,E2+N1,exclude,0,https://movie.douban.com/subject/26263437/
26597953,长江7号：超萌特攻队,2015,简耀宗,中国大陆 / 中国香港,汉语普通话 / 粤语,5.7,2774,-2,E2+N1,exclude,0,https://movie.douban.com/subject/26597953/
26828249,一条叫王子的狗,2016,杨健武,中国大陆 / 中国香港,汉语普通话 / 粤语,3.4,257,-2,E2+N1,exclude,0,https://movie.douban.com/subject/26828249/
26352445,反贪风暴2,2016,林德禄,中国大陆 / 中国香港,汉语普通话 / 粤语,5.9,60708,-2,E2+N1,exclude,0,https://movie.douban.com/subject/26352445/
25852263,哪一天我们会飞,2016,黄修平,中国香港,汉语普通话 / 粤语,7.2,15949,-2,E2+N1,exclude,0,https://movie.douban.com/subject/25852263/
20505982,寒战2,2016,梁乐民 / 陆剑青,中国大陆 / 中国香港,汉语普通话 / 粤语,7.1,231253,-2,E2+N1,exclude,0,https://movie.douban.com/subject/20505982/
25945280,我的特工爷爷,2016,洪金宝,中国香港 / 中国大陆,汉语普通话 / 粤语,5.5,62910,-2,E2+N1,exclude,0,https://movie.douban.com/subject/25945280/
26334559,澳门风云3 賭城風雲III,2016,王晶 / 刘伟强,中国香港 / 中国大陆,汉语普通话 / 粤语,4.5,132687,-2,E2+N1,exclude,0,https://movie.douban.com/subject/26334559/
1304961,缘份,2016,黄泰来,中国香港,汉语普通话 / 粤语,7.2,23803,-2,E2+N1,exclude,0,https://movie.douban.com/subject/1304961/
23059934,霹雳囧花,2016,卓韵芝,中国香港,汉语普通话 / 粤语,3.6,1414,-2,E2+N1,exclude,0,https://movie.douban.com/subject/23059934/
25889476,麦兜·饭宝奇兵,2016,谢立文,中国大陆 / 中国香港,汉语普通话 / 粤语,6.4,8882,-2,E2+N1,exclude,0,https://movie.douban.com/subject/25889476/
26748038,K女士,2017,何宇恒,中国香港 / 马来西亚,汉语普通话 / 粤语,4.8,701,-2,E2+N1,exclude,0,https://movie.douban.com/subject/26748038/
26747836,喵星人,2017,陈木胜,中国香港 / 中国大陆,汉语普通话 / 粤语,4.4,12712,-2,E2+N1,exclude,0,https://movie.douban.com/subject/26747836/
26996783,大嫂,2017,阚家伟,中国香港 / 中国大陆,汉语普通话 / 粤语,3.4,3987,-2,E2+N1,exclude,0,https://movie.douban.com/subject/26996783/
26605946,毒。诫,2017,刘国昌,中国大陆 / 中国香港,汉语普通话 / 粤语,5.0,20596,-2,E2+N1,exclude,0,https://movie.douban.com/subject/26605946/
26747274,狂兽,2017,李子俊,中国香港 / 中国大陆,汉语普通话 / 粤语,4.9,13353,-2,E2+N1,exclude,0,https://movie.douban.com/subject/26747274/
26857170,西谎极落之太爆太子太空舱,2017,吴汉邦 / 吴兆麟,中国香港 / 中国大陆,汉语普通话 / 粤语,6.1,7609,-2,E2+N1,exclude,0,https://movie.douban.com/subject/26857170/
25300674,冰封侠：时空行者,2018,叶伟民,中国大陆 / 中国香港,汉语普通话 / 粤语,2.7,11766,-2,E2+N1,exclude,0,https://movie.douban.com/subject/25300674/
26995881,新僵尸先生2,2018,刘观伟,中国香港 / 中国大陆,汉语普通话 / 粤语,3.2,1974,-2,E2+N1,exclude,0,https://movie.douban.com/subject/26995881/
26868408,黄金花,2018,陈大利,中国大陆 / 中国香港,汉语普通话 / 粤语,6.5,7202,-2,E2+N1,exclude,0,https://movie.douban.com/subject/26868408/
30376977,小Q,2019,罗永昌,中国大陆 / 中国香港,汉语普通话 / 粤语,6.6,33193,-2,E2+N1,exclude,0,https://movie.douban.com/subject/30376977/
30171425,扫毒2天地对决,2019,邱礼涛,中国大陆 / 中国香港,汉语普通话 / 粤语,6.0,229276,-2,E2+N1,exclude,0,https://movie.douban.com/subject/30171425/
4840388,新喜剧之王,2019,周星驰 / 邱礼涛,中国大陆 / 中国香港,汉语普通话 / 粤语,5.7,376391,-2,E2+N1,exclude,0,https://movie.douban.com/subject/4840388/
26816090,沉默的证人,2019,雷尼·哈林,中国大陆 / 中国香港,汉语普通话 / 粤语,5.3,120761,-2,E2+N1,exclude,0,https://movie.douban.com/subject/26816090/
26827641,潜行者,2019,吕冠南 / 谭广源,中国大陆 / 中国香港,汉语普通话 / 粤语,3.3,2065,-2,E2+N1,exclude,0,https://movie.douban.com/subject/26827641/
26935296,花椒之味,2019,麦曦茵,中国香港 / 中国大陆,汉语普通话 / 粤语,7.1,40584,-2,E2+N1,exclude,0,https://movie.douban.com/subject/26935296/
34929897,无间行者之生死潜行,2020,黄家辉,中国大陆 / 中国香港,汉语普通话 / 粤语,4.4,3370,-2,E2+N1,exclude,0,https://movie.douban.com/subject/34929897/
